run_start=2026-10-02 11:32:22 member=rajesh_paruchuri smoke=False
device=mps hardware=MPS (Apple GPU) on Apple M4 torch=2.11.0 python=3.13.7
n_monet=300 n_photo=7038 crop=128 batch=1 epochs=80 iters_per_epoch=300 total_iters=24000 decay_start_epoch=40
G params (each)=4412931 D params (each)=2764737 total=14355336 config={"ngf": 48, "n_blocks": 6, "ndf": 64, "lr": 0.0002, "betas": [0.5, 0.999], "lambda_cycle": 10.0, "lambda_identity": 5.0, "pool_size": 50, "diffaugment": true, "ema_decay": 0.999}
iter=50/24000 loss_G=13.1278 loss_G_adv=0.9842 loss_cycle=0.8199 loss_identity=0.7889 loss_D_A=0.3332 loss_D_B=0.3740 D_A_real=0.3434 D_A_fake=0.3355 D_B_real=0.3679 D_B_fake=0.3141 grad_norm_G=99.9173 grad_norm_D=4.9702 lr=0.000200 elapsed=26s
iter=100/24000 loss_G=11.6218 loss_G_adv=0.8488 loss_cycle=0.7292 loss_identity=0.6963 loss_D_A=0.2935 loss_D_B=0.2862 D_A_real=0.4017 D_A_fake=0.3928 D_B_real=0.4283 D_B_fake=0.3886 grad_norm_G=87.1435 grad_norm_D=3.7980 lr=0.000200 elapsed=51s
iter=150/24000 loss_G=10.5508 loss_G_adv=0.7168 loss_cycle=0.6639 loss_identity=0.6389 loss_D_A=0.2473 loss_D_B=0.2789 D_A_real=0.5023 D_A_fake=0.4437 D_B_real=0.4355 D_B_fake=0.3705 grad_norm_G=81.2430 grad_norm_D=4.0640 lr=0.000200 elapsed=75s
iter=200/24000 loss_G=10.9886 loss_G_adv=0.6983 loss_cycle=0.6957 loss_identity=0.6667 loss_D_A=0.2572 loss_D_B=0.2479 D_A_real=0.4829 D_A_fake=0.4436 D_B_real=0.4966 D_B_fake=0.4116 grad_norm_G=81.3569 grad_norm_D=3.5507 lr=0.000200 elapsed=102s
iter=250/24000 loss_G=11.9614 loss_G_adv=0.5998 loss_cycle=0.7675 loss_identity=0.7373 loss_D_A=0.2350 loss_D_B=0.2558 D_A_real=0.5271 D_A_fake=0.4571 D_B_real=0.4808 D_B_fake=0.4544 grad_norm_G=83.7184 grad_norm_D=3.5017 lr=0.000200 elapsed=129s
iter=300/24000 loss_G=10.5935 loss_G_adv=0.6530 loss_cycle=0.6745 loss_identity=0.6391 loss_D_A=0.2159 loss_D_B=0.2368 D_A_real=0.5751 D_A_fake=0.4420 D_B_real=0.5215 D_B_fake=0.4396 grad_norm_G=69.1124 grad_norm_D=4.1511 lr=0.000200 elapsed=153s
EPOCH 1/80 epoch_sec=152.9 img_per_sec=3.92 nan=0 peak_mps_tensor_mb=409
iter=350/24000 loss_G=10.3352 loss_G_adv=0.6476 loss_cycle=0.6561 loss_identity=0.6252 loss_D_A=0.2532 loss_D_B=0.2381 D_A_real=0.4845 D_A_fake=0.4253 D_B_real=0.5297 D_B_fake=0.4473 grad_norm_G=68.5095 grad_norm_D=4.1120 lr=0.000200 elapsed=178s
iter=400/24000 loss_G=10.1172 loss_G_adv=0.5853 loss_cycle=0.6487 loss_identity=0.6090 loss_D_A=0.2254 loss_D_B=0.2415 D_A_real=0.5465 D_A_fake=0.4409 D_B_real=0.5072 D_B_fake=0.4635 grad_norm_G=68.3424 grad_norm_D=4.7597 lr=0.000200 elapsed=202s
iter=450/24000 loss_G=10.0231 loss_G_adv=0.6196 loss_cycle=0.6386 loss_identity=0.6035 loss_D_A=0.2104 loss_D_B=0.2415 D_A_real=0.5984 D_A_fake=0.4434 D_B_real=0.5181 D_B_fake=0.4387 grad_norm_G=68.7134 grad_norm_D=4.7882 lr=0.000200 elapsed=227s
iter=500/24000 loss_G=10.9624 loss_G_adv=0.7255 loss_cycle=0.6944 loss_identity=0.6586 loss_D_A=0.2075 loss_D_B=0.2434 D_A_real=0.5629 D_A_fake=0.3688 D_B_real=0.5061 D_B_fake=0.4566 grad_norm_G=65.7487 grad_norm_D=3.8749 lr=0.000200 elapsed=252s
iter=550/24000 loss_G=10.5511 loss_G_adv=0.7062 loss_cycle=0.6664 loss_identity=0.6363 loss_D_A=0.2168 loss_D_B=0.2202 D_A_real=0.5647 D_A_fake=0.3953 D_B_real=0.5677 D_B_fake=0.4465 grad_norm_G=62.8833 grad_norm_D=5.6966 lr=0.000200 elapsed=279s
iter=600/24000 loss_G=11.0648 loss_G_adv=0.7104 loss_cycle=0.7043 loss_identity=0.6624 loss_D_A=0.2013 loss_D_B=0.2312 D_A_real=0.6007 D_A_fake=0.3988 D_B_real=0.5285 D_B_fake=0.4332 grad_norm_G=70.7129 grad_norm_D=5.9853 lr=0.000200 elapsed=307s
EPOCH 2/80 epoch_sec=153.9 img_per_sec=3.90 nan=0 peak_mps_tensor_mb=409
iter=650/24000 loss_G=10.5538 loss_G_adv=0.6874 loss_cycle=0.6745 loss_identity=0.6243 loss_D_A=0.2014 loss_D_B=0.2339 D_A_real=0.5983 D_A_fake=0.3927 D_B_real=0.5641 D_B_fake=0.4683 grad_norm_G=69.4789 grad_norm_D=6.1883 lr=0.000200 elapsed=333s
iter=700/24000 loss_G=10.5098 loss_G_adv=0.7468 loss_cycle=0.6646 loss_identity=0.6235 loss_D_A=0.1953 loss_D_B=0.2718 D_A_real=0.6083 D_A_fake=0.3816 D_B_real=0.4197 D_B_fake=0.4124 grad_norm_G=68.8440 grad_norm_D=5.5258 lr=0.000200 elapsed=360s
iter=750/24000 loss_G=10.1461 loss_G_adv=0.7383 loss_cycle=0.6404 loss_identity=0.6009 loss_D_A=0.2417 loss_D_B=0.2374 D_A_real=0.5222 D_A_fake=0.3429 D_B_real=0.5222 D_B_fake=0.4797 grad_norm_G=61.9691 grad_norm_D=5.5845 lr=0.000200 elapsed=386s
iter=800/24000 loss_G=9.2666 loss_G_adv=0.5904 loss_cycle=0.5904 loss_identity=0.5544 loss_D_A=0.2216 loss_D_B=0.2257 D_A_real=0.5455 D_A_fake=0.4466 D_B_real=0.5539 D_B_fake=0.4757 grad_norm_G=63.0759 grad_norm_D=3.9269 lr=0.000200 elapsed=410s
iter=850/24000 loss_G=10.2663 loss_G_adv=0.6599 loss_cycle=0.6549 loss_identity=0.6114 loss_D_A=0.1901 loss_D_B=0.2311 D_A_real=0.6203 D_A_fake=0.4022 D_B_real=0.5329 D_B_fake=0.4474 grad_norm_G=67.9514 grad_norm_D=5.2049 lr=0.000200 elapsed=435s
iter=900/24000 loss_G=9.7073 loss_G_adv=0.6815 loss_cycle=0.6136 loss_identity=0.5779 loss_D_A=0.1890 loss_D_B=0.2223 D_A_real=0.6366 D_A_fake=0.3952 D_B_real=0.5608 D_B_fake=0.4393 grad_norm_G=58.9125 grad_norm_D=7.4980 lr=0.000200 elapsed=460s
EPOCH 3/80 epoch_sec=153.5 img_per_sec=3.91 nan=0 peak_mps_tensor_mb=409
iter=950/24000 loss_G=10.0082 loss_G_adv=0.7687 loss_cycle=0.6289 loss_identity=0.5900 loss_D_A=0.1831 loss_D_B=0.2127 D_A_real=0.6057 D_A_fake=0.3530 D_B_real=0.5689 D_B_fake=0.4354 grad_norm_G=62.7099 grad_norm_D=5.4371 lr=0.000200 elapsed=485s
iter=1000/24000 loss_G=9.8278 loss_G_adv=0.8343 loss_cycle=0.6194 loss_identity=0.5598 loss_D_A=0.1550 loss_D_B=0.2280 D_A_real=0.6798 D_A_fake=0.3158 D_B_real=0.5447 D_B_fake=0.4251 grad_norm_G=61.9036 grad_norm_D=7.1569 lr=0.000200 elapsed=506s
iter=1050/24000 loss_G=10.1480 loss_G_adv=0.7833 loss_cycle=0.6371 loss_identity=0.5987 loss_D_A=0.1532 loss_D_B=0.2030 D_A_real=0.6892 D_A_fake=0.2972 D_B_real=0.5886 D_B_fake=0.4301 grad_norm_G=59.9234 grad_norm_D=7.4325 lr=0.000200 elapsed=526s
iter=1100/24000 loss_G=10.3733 loss_G_adv=0.7964 loss_cycle=0.6527 loss_identity=0.6099 loss_D_A=0.1669 loss_D_B=0.2120 D_A_real=0.6556 D_A_fake=0.3253 D_B_real=0.5895 D_B_fake=0.4014 grad_norm_G=60.6139 grad_norm_D=6.5674 lr=0.000200 elapsed=548s
iter=1150/24000 loss_G=10.1068 loss_G_adv=0.8338 loss_cycle=0.6285 loss_identity=0.5977 loss_D_A=0.1702 loss_D_B=0.2167 D_A_real=0.6385 D_A_fake=0.3135 D_B_real=0.5560 D_B_fake=0.4175 grad_norm_G=59.4274 grad_norm_D=6.9139 lr=0.000200 elapsed=572s
iter=1200/24000 loss_G=10.3634 loss_G_adv=0.9367 loss_cycle=0.6463 loss_identity=0.5927 loss_D_A=0.1413 loss_D_B=0.2034 D_A_real=0.7148 D_A_fake=0.2614 D_B_real=0.5905 D_B_fake=0.3949 grad_norm_G=60.4739 grad_norm_D=6.4359 lr=0.000200 elapsed=593s
EPOCH 4/80 epoch_sec=132.8 img_per_sec=4.52 nan=0 peak_mps_tensor_mb=409
iter=1250/24000 loss_G=9.4548 loss_G_adv=0.9456 loss_cycle=0.5756 loss_identity=0.5507 loss_D_A=0.1356 loss_D_B=0.1924 D_A_real=0.6985 D_A_fake=0.2582 D_B_real=0.6142 D_B_fake=0.3773 grad_norm_G=54.7685 grad_norm_D=7.5017 lr=0.000200 elapsed=611s
iter=1300/24000 loss_G=9.7881 loss_G_adv=0.8913 loss_cycle=0.6104 loss_identity=0.5585 loss_D_A=0.1515 loss_D_B=0.1843 D_A_real=0.6870 D_A_fake=0.2983 D_B_real=0.6208 D_B_fake=0.3670 grad_norm_G=59.7855 grad_norm_D=6.4852 lr=0.000200 elapsed=629s
iter=1350/24000 loss_G=9.4811 loss_G_adv=0.9492 loss_cycle=0.5832 loss_identity=0.5400 loss_D_A=0.1318 loss_D_B=0.1826 D_A_real=0.7375 D_A_fake=0.2507 D_B_real=0.6201 D_B_fake=0.3609 grad_norm_G=56.9578 grad_norm_D=7.9312 lr=0.000200 elapsed=648s
iter=1400/24000 loss_G=9.9621 loss_G_adv=0.8297 loss_cycle=0.6197 loss_identity=0.5871 loss_D_A=0.1716 loss_D_B=0.1868 D_A_real=0.6399 D_A_fake=0.3500 D_B_real=0.6128 D_B_fake=0.3782 grad_norm_G=56.4590 grad_norm_D=7.3271 lr=0.000200 elapsed=668s
iter=1450/24000 loss_G=9.8261 loss_G_adv=0.8383 loss_cycle=0.6123 loss_identity=0.5729 loss_D_A=0.1520 loss_D_B=0.1842 D_A_real=0.6850 D_A_fake=0.2960 D_B_real=0.6309 D_B_fake=0.3465 grad_norm_G=58.5667 grad_norm_D=7.2608 lr=0.000200 elapsed=687s
iter=1500/24000 loss_G=9.1785 loss_G_adv=0.8758 loss_cycle=0.5652 loss_identity=0.5301 loss_D_A=0.1783 loss_D_B=0.1640 D_A_real=0.6481 D_A_fake=0.3627 D_B_real=0.6921 D_B_fake=0.3210 grad_norm_G=57.3515 grad_norm_D=7.4009 lr=0.000200 elapsed=705s
EPOCH 5/80 epoch_sec=111.5 img_per_sec=5.38 nan=0 peak_mps_tensor_mb=409
iter=1550/24000 loss_G=10.3445 loss_G_adv=0.8407 loss_cycle=0.6449 loss_identity=0.6110 loss_D_A=0.1460 loss_D_B=0.1966 D_A_real=0.6922 D_A_fake=0.3061 D_B_real=0.5630 D_B_fake=0.3812 grad_norm_G=58.7840 grad_norm_D=6.1601 lr=0.000200 elapsed=725s
iter=1600/24000 loss_G=8.8677 loss_G_adv=0.7564 loss_cycle=0.5532 loss_identity=0.5159 loss_D_A=0.1573 loss_D_B=0.2249 D_A_real=0.6802 D_A_fake=0.3050 D_B_real=0.5627 D_B_fake=0.4206 grad_norm_G=52.0910 grad_norm_D=8.4018 lr=0.000200 elapsed=744s
iter=1650/24000 loss_G=9.7594 loss_G_adv=0.7692 loss_cycle=0.6142 loss_identity=0.5697 loss_D_A=0.1575 loss_D_B=0.2288 D_A_real=0.6769 D_A_fake=0.3196 D_B_real=0.5353 D_B_fake=0.4294 grad_norm_G=61.6730 grad_norm_D=5.9373 lr=0.000200 elapsed=762s
iter=1700/24000 loss_G=9.7425 loss_G_adv=0.7039 loss_cycle=0.6122 loss_identity=0.5834 loss_D_A=0.1661 loss_D_B=0.2126 D_A_real=0.6516 D_A_fake=0.3362 D_B_real=0.5759 D_B_fake=0.4243 grad_norm_G=60.3879 grad_norm_D=6.7489 lr=0.000200 elapsed=781s
iter=1750/24000 loss_G=10.1414 loss_G_adv=0.7043 loss_cycle=0.6471 loss_identity=0.5932 loss_D_A=0.2151 loss_D_B=0.1969 D_A_real=0.5911 D_A_fake=0.4141 D_B_real=0.6014 D_B_fake=0.3910 grad_norm_G=66.4936 grad_norm_D=6.8427 lr=0.000200 elapsed=799s
iter=1800/24000 loss_G=10.6182 loss_G_adv=0.8357 loss_cycle=0.6665 loss_identity=0.6234 loss_D_A=0.1817 loss_D_B=0.1897 D_A_real=0.6148 D_A_fake=0.3599 D_B_real=0.6142 D_B_fake=0.3779 grad_norm_G=61.3104 grad_norm_D=8.5806 lr=0.000200 elapsed=817s
EPOCH 6/80 epoch_sec=111.4 img_per_sec=5.38 nan=0 peak_mps_tensor_mb=409
iter=1850/24000 loss_G=9.0072 loss_G_adv=0.8595 loss_cycle=0.5517 loss_identity=0.5262 loss_D_A=0.1387 loss_D_B=0.1636 D_A_real=0.7098 D_A_fake=0.2841 D_B_real=0.6598 D_B_fake=0.3429 grad_norm_G=56.1121 grad_norm_D=6.9468 lr=0.000200 elapsed=838s
iter=1900/24000 loss_G=9.2423 loss_G_adv=0.8177 loss_cycle=0.5741 loss_identity=0.5368 loss_D_A=0.2146 loss_D_B=0.1744 D_A_real=0.5896 D_A_fake=0.4139 D_B_real=0.6490 D_B_fake=0.3347 grad_norm_G=54.2690 grad_norm_D=8.1521 lr=0.000200 elapsed=856s
iter=1950/24000 loss_G=9.1196 loss_G_adv=0.7865 loss_cycle=0.5681 loss_identity=0.5305 loss_D_A=0.2131 loss_D_B=0.1825 D_A_real=0.5746 D_A_fake=0.4091 D_B_real=0.6272 D_B_fake=0.3689 grad_norm_G=54.2965 grad_norm_D=7.5178 lr=0.000200 elapsed=874s
iter=2000/24000 loss_G=9.5847 loss_G_adv=0.7273 loss_cycle=0.6029 loss_identity=0.5657 loss_D_A=0.2190 loss_D_B=0.1687 D_A_real=0.5657 D_A_fake=0.4184 D_B_real=0.6492 D_B_fake=0.3573 grad_norm_G=52.7749 grad_norm_D=6.9887 lr=0.000200 elapsed=892s
iter=2050/24000 loss_G=9.6591 loss_G_adv=0.8523 loss_cycle=0.6038 loss_identity=0.5537 loss_D_A=0.1800 loss_D_B=0.1649 D_A_real=0.6105 D_A_fake=0.3751 D_B_real=0.6677 D_B_fake=0.3328 grad_norm_G=56.6403 grad_norm_D=7.0633 lr=0.000200 elapsed=911s
iter=2100/24000 loss_G=9.7674 loss_G_adv=0.9343 loss_cycle=0.6054 loss_identity=0.5557 loss_D_A=0.1704 loss_D_B=0.1803 D_A_real=0.6656 D_A_fake=0.3311 D_B_real=0.6241 D_B_fake=0.3707 grad_norm_G=61.2657 grad_norm_D=8.2406 lr=0.000200 elapsed=930s
EPOCH 7/80 epoch_sec=112.6 img_per_sec=5.33 nan=0 peak_mps_tensor_mb=409
iter=2150/24000 loss_G=9.1790 loss_G_adv=0.8221 loss_cycle=0.5702 loss_identity=0.5309 loss_D_A=0.1906 loss_D_B=0.1788 D_A_real=0.6104 D_A_fake=0.3871 D_B_real=0.6422 D_B_fake=0.3396 grad_norm_G=55.0475 grad_norm_D=7.2693 lr=0.000200 elapsed=948s
iter=2200/24000 loss_G=9.7728 loss_G_adv=0.7447 loss_cycle=0.6194 loss_identity=0.5668 loss_D_A=0.1700 loss_D_B=0.1962 D_A_real=0.6509 D_A_fake=0.3358 D_B_real=0.6114 D_B_fake=0.3868 grad_norm_G=59.1190 grad_norm_D=7.5717 lr=0.000200 elapsed=966s
iter=2250/24000 loss_G=9.3586 loss_G_adv=0.7537 loss_cycle=0.5862 loss_identity=0.5487 loss_D_A=0.1960 loss_D_B=0.2252 D_A_real=0.6041 D_A_fake=0.3949 D_B_real=0.5663 D_B_fake=0.4347 grad_norm_G=53.5693 grad_norm_D=6.8490 lr=0.000200 elapsed=985s
iter=2300/24000 loss_G=9.5334 loss_G_adv=0.8450 loss_cycle=0.5972 loss_identity=0.5433 loss_D_A=0.1645 loss_D_B=0.1936 D_A_real=0.6495 D_A_fake=0.3551 D_B_real=0.5906 D_B_fake=0.3915 grad_norm_G=54.8958 grad_norm_D=5.7835 lr=0.000200 elapsed=1003s
iter=2350/24000 loss_G=8.8748 loss_G_adv=0.8187 loss_cycle=0.5506 loss_identity=0.5101 loss_D_A=0.1538 loss_D_B=0.1809 D_A_real=0.6784 D_A_fake=0.3137 D_B_real=0.6273 D_B_fake=0.3573 grad_norm_G=52.3007 grad_norm_D=7.0445 lr=0.000200 elapsed=1021s
iter=2400/24000 loss_G=8.9986 loss_G_adv=0.8649 loss_cycle=0.5547 loss_identity=0.5173 loss_D_A=0.1410 loss_D_B=0.1672 D_A_real=0.6913 D_A_fake=0.3046 D_B_real=0.6577 D_B_fake=0.3483 grad_norm_G=55.4173 grad_norm_D=6.3344 lr=0.000200 elapsed=1039s
EPOCH 8/80 epoch_sec=109.3 img_per_sec=5.49 nan=0 peak_mps_tensor_mb=409
iter=2450/24000 loss_G=9.5021 loss_G_adv=0.8246 loss_cycle=0.5868 loss_identity=0.5618 loss_D_A=0.1638 loss_D_B=0.1917 D_A_real=0.6766 D_A_fake=0.3264 D_B_real=0.5992 D_B_fake=0.3665 grad_norm_G=62.0141 grad_norm_D=7.9016 lr=0.000200 elapsed=1057s
iter=2500/24000 loss_G=10.2043 loss_G_adv=0.7153 loss_cycle=0.6471 loss_identity=0.6035 loss_D_A=0.1557 loss_D_B=0.2378 D_A_real=0.6733 D_A_fake=0.3096 D_B_real=0.5400 D_B_fake=0.4227 grad_norm_G=60.8116 grad_norm_D=6.1460 lr=0.000200 elapsed=1075s
iter=2550/24000 loss_G=10.0460 loss_G_adv=0.7332 loss_cycle=0.6363 loss_identity=0.5900 loss_D_A=0.1513 loss_D_B=0.2172 D_A_real=0.6681 D_A_fake=0.3153 D_B_real=0.5574 D_B_fake=0.4383 grad_norm_G=58.1570 grad_norm_D=6.5252 lr=0.000200 elapsed=1093s
iter=2600/24000 loss_G=9.1979 loss_G_adv=0.7968 loss_cycle=0.5715 loss_identity=0.5372 loss_D_A=0.1876 loss_D_B=0.1948 D_A_real=0.6447 D_A_fake=0.3633 D_B_real=0.5993 D_B_fake=0.4083 grad_norm_G=52.5999 grad_norm_D=8.0319 lr=0.000200 elapsed=1111s
iter=2650/24000 loss_G=10.0025 loss_G_adv=0.8720 loss_cycle=0.6228 loss_identity=0.5805 loss_D_A=0.1512 loss_D_B=0.1914 D_A_real=0.6908 D_A_fake=0.3252 D_B_real=0.6178 D_B_fake=0.3962 grad_norm_G=57.4084 grad_norm_D=7.5496 lr=0.000200 elapsed=1130s
iter=2700/24000 loss_G=9.3503 loss_G_adv=0.8422 loss_cycle=0.5792 loss_identity=0.5432 loss_D_A=0.1641 loss_D_B=0.1554 D_A_real=0.6533 D_A_fake=0.3255 D_B_real=0.6785 D_B_fake=0.3452 grad_norm_G=55.3652 grad_norm_D=7.4628 lr=0.000200 elapsed=1149s
EPOCH 9/80 epoch_sec=109.6 img_per_sec=5.47 nan=0 peak_mps_tensor_mb=409
iter=2750/24000 loss_G=9.1821 loss_G_adv=0.8331 loss_cycle=0.5661 loss_identity=0.5376 loss_D_A=0.1609 loss_D_B=0.1736 D_A_real=0.6717 D_A_fake=0.3252 D_B_real=0.6543 D_B_fake=0.3441 grad_norm_G=51.2844 grad_norm_D=7.0624 lr=0.000200 elapsed=1167s
iter=2800/24000 loss_G=9.0506 loss_G_adv=0.7992 loss_cycle=0.5584 loss_identity=0.5334 loss_D_A=0.1625 loss_D_B=0.1812 D_A_real=0.6659 D_A_fake=0.3255 D_B_real=0.6238 D_B_fake=0.3558 grad_norm_G=48.5916 grad_norm_D=7.4090 lr=0.000200 elapsed=1185s
iter=2850/24000 loss_G=8.9656 loss_G_adv=0.7640 loss_cycle=0.5600 loss_identity=0.5203 loss_D_A=0.1763 loss_D_B=0.1935 D_A_real=0.6652 D_A_fake=0.3442 D_B_real=0.6082 D_B_fake=0.3798 grad_norm_G=51.4508 grad_norm_D=7.1821 lr=0.000200 elapsed=1204s
iter=2900/24000 loss_G=9.3232 loss_G_adv=0.7642 loss_cycle=0.5808 loss_identity=0.5503 loss_D_A=0.1640 loss_D_B=0.2018 D_A_real=0.6453 D_A_fake=0.3353 D_B_real=0.5965 D_B_fake=0.3886 grad_norm_G=56.9898 grad_norm_D=6.5832 lr=0.000200 elapsed=1223s
iter=2950/24000 loss_G=9.3046 loss_G_adv=0.7971 loss_cycle=0.5825 loss_identity=0.5365 loss_D_A=0.1525 loss_D_B=0.2155 D_A_real=0.6741 D_A_fake=0.3316 D_B_real=0.5679 D_B_fake=0.4204 grad_norm_G=54.1858 grad_norm_D=6.8207 lr=0.000200 elapsed=1241s
iter=3000/24000 loss_G=8.8263 loss_G_adv=0.7625 loss_cycle=0.5503 loss_identity=0.5122 loss_D_A=0.1728 loss_D_B=0.1969 D_A_real=0.6514 D_A_fake=0.3352 D_B_real=0.6030 D_B_fake=0.4053 grad_norm_G=52.9743 grad_norm_D=6.4189 lr=0.000200 elapsed=1260s
EPOCH 10/80 epoch_sec=111.5 img_per_sec=5.38 nan=0 peak_mps_tensor_mb=409
iter=3050/24000 loss_G=8.7396 loss_G_adv=0.7809 loss_cycle=0.5438 loss_identity=0.5041 loss_D_A=0.1717 loss_D_B=0.1910 D_A_real=0.6513 D_A_fake=0.3382 D_B_real=0.6127 D_B_fake=0.3859 grad_norm_G=55.2575 grad_norm_D=7.4516 lr=0.000200 elapsed=1281s
iter=3100/24000 loss_G=8.8126 loss_G_adv=0.8367 loss_cycle=0.5470 loss_identity=0.5012 loss_D_A=0.1757 loss_D_B=0.1770 D_A_real=0.6591 D_A_fake=0.3433 D_B_real=0.6358 D_B_fake=0.3651 grad_norm_G=51.8565 grad_norm_D=7.5359 lr=0.000200 elapsed=1303s
iter=3150/24000 loss_G=9.1738 loss_G_adv=0.8609 loss_cycle=0.5697 loss_identity=0.5232 loss_D_A=0.1610 loss_D_B=0.1727 D_A_real=0.6739 D_A_fake=0.3269 D_B_real=0.6389 D_B_fake=0.3558 grad_norm_G=53.4080 grad_norm_D=6.8461 lr=0.000200 elapsed=1321s
iter=3200/24000 loss_G=8.7884 loss_G_adv=0.6755 loss_cycle=0.5537 loss_identity=0.5152 loss_D_A=0.1960 loss_D_B=0.1936 D_A_real=0.6201 D_A_fake=0.3830 D_B_real=0.6136 D_B_fake=0.3919 grad_norm_G=57.3602 grad_norm_D=7.6145 lr=0.000200 elapsed=1340s
iter=3250/24000 loss_G=8.7820 loss_G_adv=0.7525 loss_cycle=0.5497 loss_identity=0.5064 loss_D_A=0.1740 loss_D_B=0.2124 D_A_real=0.6415 D_A_fake=0.3533 D_B_real=0.5861 D_B_fake=0.4120 grad_norm_G=50.7554 grad_norm_D=7.1040 lr=0.000200 elapsed=1358s
iter=3300/24000 loss_G=8.8323 loss_G_adv=0.8112 loss_cycle=0.5475 loss_identity=0.5092 loss_D_A=0.1858 loss_D_B=0.1918 D_A_real=0.6233 D_A_fake=0.3655 D_B_real=0.6095 D_B_fake=0.3942 grad_norm_G=51.9337 grad_norm_D=7.8689 lr=0.000200 elapsed=1376s
EPOCH 11/80 epoch_sec=115.0 img_per_sec=5.22 nan=0 peak_mps_tensor_mb=409
iter=3350/24000 loss_G=9.0691 loss_G_adv=0.8332 loss_cycle=0.5664 loss_identity=0.5145 loss_D_A=0.1815 loss_D_B=0.1786 D_A_real=0.6312 D_A_fake=0.3651 D_B_real=0.6382 D_B_fake=0.3745 grad_norm_G=52.4118 grad_norm_D=7.2213 lr=0.000200 elapsed=1395s
iter=3400/24000 loss_G=9.1218 loss_G_adv=0.8398 loss_cycle=0.5618 loss_identity=0.5328 loss_D_A=0.1792 loss_D_B=0.1638 D_A_real=0.6395 D_A_fake=0.3636 D_B_real=0.6579 D_B_fake=0.3339 grad_norm_G=54.3767 grad_norm_D=7.4508 lr=0.000200 elapsed=1413s
iter=3450/24000 loss_G=9.1797 loss_G_adv=0.8189 loss_cycle=0.5744 loss_identity=0.5235 loss_D_A=0.1738 loss_D_B=0.1666 D_A_real=0.6356 D_A_fake=0.3621 D_B_real=0.6627 D_B_fake=0.3402 grad_norm_G=50.9164 grad_norm_D=6.7505 lr=0.000200 elapsed=1432s
iter=3500/24000 loss_G=9.4123 loss_G_adv=0.8535 loss_cycle=0.5816 loss_identity=0.5485 loss_D_A=0.1817 loss_D_B=0.1823 D_A_real=0.6297 D_A_fake=0.3649 D_B_real=0.6356 D_B_fake=0.3488 grad_norm_G=53.6723 grad_norm_D=7.5420 lr=0.000200 elapsed=1451s
iter=3550/24000 loss_G=8.7779 loss_G_adv=0.8164 loss_cycle=0.5494 loss_identity=0.4934 loss_D_A=0.1772 loss_D_B=0.1909 D_A_real=0.6338 D_A_fake=0.3568 D_B_real=0.6102 D_B_fake=0.3804 grad_norm_G=58.6953 grad_norm_D=6.9106 lr=0.000200 elapsed=1469s
iter=3600/24000 loss_G=9.3903 loss_G_adv=0.7283 loss_cycle=0.5892 loss_identity=0.5539 loss_D_A=0.1747 loss_D_B=0.1892 D_A_real=0.6464 D_A_fake=0.3571 D_B_real=0.6271 D_B_fake=0.3878 grad_norm_G=54.2882 grad_norm_D=6.9673 lr=0.000200 elapsed=1487s
EPOCH 12/80 epoch_sec=110.6 img_per_sec=5.43 nan=0 peak_mps_tensor_mb=409
iter=3650/24000 loss_G=8.9886 loss_G_adv=0.7534 loss_cycle=0.5613 loss_identity=0.5244 loss_D_A=0.1903 loss_D_B=0.1952 D_A_real=0.6182 D_A_fake=0.3698 D_B_real=0.6099 D_B_fake=0.3830 grad_norm_G=48.9305 grad_norm_D=7.4852 lr=0.000200 elapsed=1506s
iter=3700/24000 loss_G=9.1127 loss_G_adv=0.6874 loss_cycle=0.5808 loss_identity=0.5235 loss_D_A=0.2100 loss_D_B=0.1955 D_A_real=0.5790 D_A_fake=0.4060 D_B_real=0.6017 D_B_fake=0.4089 grad_norm_G=57.8508 grad_norm_D=7.4407 lr=0.000200 elapsed=1524s
iter=3750/24000 loss_G=8.8714 loss_G_adv=0.7290 loss_cycle=0.5522 loss_identity=0.5242 loss_D_A=0.1663 loss_D_B=0.1855 D_A_real=0.6599 D_A_fake=0.3535 D_B_real=0.6263 D_B_fake=0.3696 grad_norm_G=50.4268 grad_norm_D=6.3922 lr=0.000200 elapsed=1542s
iter=3800/24000 loss_G=8.5775 loss_G_adv=0.7555 loss_cycle=0.5367 loss_identity=0.4909 loss_D_A=0.1980 loss_D_B=0.1915 D_A_real=0.6029 D_A_fake=0.3941 D_B_real=0.6042 D_B_fake=0.3707 grad_norm_G=49.8144 grad_norm_D=6.5550 lr=0.000200 elapsed=1561s
iter=3850/24000 loss_G=9.0848 loss_G_adv=0.7615 loss_cycle=0.5678 loss_identity=0.5291 loss_D_A=0.2002 loss_D_B=0.1985 D_A_real=0.6058 D_A_fake=0.3982 D_B_real=0.6178 D_B_fake=0.4068 grad_norm_G=58.3547 grad_norm_D=7.1038 lr=0.000200 elapsed=1579s
iter=3900/24000 loss_G=9.2057 loss_G_adv=0.8044 loss_cycle=0.5727 loss_identity=0.5349 loss_D_A=0.1815 loss_D_B=0.1878 D_A_real=0.6346 D_A_fake=0.3496 D_B_real=0.6109 D_B_fake=0.3726 grad_norm_G=56.9260 grad_norm_D=6.9893 lr=0.000200 elapsed=1597s
EPOCH 13/80 epoch_sec=110.0 img_per_sec=5.45 nan=0 peak_mps_tensor_mb=409
iter=3950/24000 loss_G=8.8370 loss_G_adv=0.8080 loss_cycle=0.5475 loss_identity=0.5108 loss_D_A=0.1847 loss_D_B=0.1904 D_A_real=0.6230 D_A_fake=0.3643 D_B_real=0.6087 D_B_fake=0.3645 grad_norm_G=49.7754 grad_norm_D=6.9526 lr=0.000200 elapsed=1615s
iter=4000/24000 loss_G=8.9208 loss_G_adv=0.8089 loss_cycle=0.5506 loss_identity=0.5211 loss_D_A=0.1747 loss_D_B=0.2003 D_A_real=0.6393 D_A_fake=0.3651 D_B_real=0.6069 D_B_fake=0.3893 grad_norm_G=53.5853 grad_norm_D=6.3280 lr=0.000200 elapsed=1633s
iter=4050/24000 loss_G=9.3647 loss_G_adv=0.7642 loss_cycle=0.5878 loss_identity=0.5445 loss_D_A=0.1906 loss_D_B=0.1966 D_A_real=0.6256 D_A_fake=0.3770 D_B_real=0.6076 D_B_fake=0.3997 grad_norm_G=53.7339 grad_norm_D=6.9466 lr=0.000200 elapsed=1651s
iter=4100/24000 loss_G=8.9000 loss_G_adv=0.8140 loss_cycle=0.5552 loss_identity=0.5069 loss_D_A=0.1799 loss_D_B=0.1769 D_A_real=0.6273 D_A_fake=0.3492 D_B_real=0.6237 D_B_fake=0.3569 grad_norm_G=51.7357 grad_norm_D=6.2054 lr=0.000200 elapsed=1670s
iter=4150/24000 loss_G=8.6298 loss_G_adv=0.7784 loss_cycle=0.5335 loss_identity=0.5032 loss_D_A=0.1707 loss_D_B=0.1784 D_A_real=0.6476 D_A_fake=0.3584 D_B_real=0.6365 D_B_fake=0.3722 grad_norm_G=51.6590 grad_norm_D=5.6947 lr=0.000200 elapsed=1689s
iter=4200/24000 loss_G=8.5987 loss_G_adv=0.7653 loss_cycle=0.5327 loss_identity=0.5013 loss_D_A=0.1989 loss_D_B=0.1875 D_A_real=0.6014 D_A_fake=0.3960 D_B_real=0.6202 D_B_fake=0.3769 grad_norm_G=50.1739 grad_norm_D=6.3278 lr=0.000200 elapsed=1707s
EPOCH 14/80 epoch_sec=109.9 img_per_sec=5.46 nan=0 peak_mps_tensor_mb=409
iter=4250/24000 loss_G=8.4546 loss_G_adv=0.7641 loss_cycle=0.5239 loss_identity=0.4902 loss_D_A=0.1817 loss_D_B=0.2008 D_A_real=0.6226 D_A_fake=0.3688 D_B_real=0.6125 D_B_fake=0.3902 grad_norm_G=50.0718 grad_norm_D=6.9038 lr=0.000200 elapsed=1726s
iter=4300/24000 loss_G=8.6047 loss_G_adv=0.7439 loss_cycle=0.5362 loss_identity=0.4997 loss_D_A=0.2119 loss_D_B=0.1755 D_A_real=0.5766 D_A_fake=0.3959 D_B_real=0.6395 D_B_fake=0.3693 grad_norm_G=49.9572 grad_norm_D=6.5664 lr=0.000200 elapsed=1746s
iter=4350/24000 loss_G=8.8680 loss_G_adv=0.7839 loss_cycle=0.5509 loss_identity=0.5150 loss_D_A=0.1936 loss_D_B=0.2114 D_A_real=0.6153 D_A_fake=0.3929 D_B_real=0.5915 D_B_fake=0.4166 grad_norm_G=47.1092 grad_norm_D=6.6991 lr=0.000200 elapsed=1768s
iter=4400/24000 loss_G=8.4654 loss_G_adv=0.8040 loss_cycle=0.5194 loss_identity=0.4935 loss_D_A=0.1858 loss_D_B=0.1917 D_A_real=0.6353 D_A_fake=0.3838 D_B_real=0.6048 D_B_fake=0.3824 grad_norm_G=46.4275 grad_norm_D=5.8186 lr=0.000200 elapsed=1789s
iter=4450/24000 loss_G=8.6163 loss_G_adv=0.7516 loss_cycle=0.5340 loss_identity=0.5050 loss_D_A=0.2121 loss_D_B=0.1838 D_A_real=0.5833 D_A_fake=0.4064 D_B_real=0.6189 D_B_fake=0.3793 grad_norm_G=48.4408 grad_norm_D=5.9658 lr=0.000200 elapsed=1812s
iter=4500/24000 loss_G=8.7806 loss_G_adv=0.6944 loss_cycle=0.5489 loss_identity=0.5194 loss_D_A=0.2047 loss_D_B=0.2209 D_A_real=0.5857 D_A_fake=0.3973 D_B_real=0.5724 D_B_fake=0.4215 grad_norm_G=50.6843 grad_norm_D=5.4646 lr=0.000200 elapsed=1835s
EPOCH 15/80 epoch_sec=128.0 img_per_sec=4.69 nan=0 peak_mps_tensor_mb=409
iter=4550/24000 loss_G=8.1980 loss_G_adv=0.6425 loss_cycle=0.5190 loss_identity=0.4731 loss_D_A=0.1915 loss_D_B=0.2296 D_A_real=0.6114 D_A_fake=0.3914 D_B_real=0.5508 D_B_fake=0.4485 grad_norm_G=46.8517 grad_norm_D=5.3166 lr=0.000200 elapsed=1859s
iter=4600/24000 loss_G=8.7192 loss_G_adv=0.6537 loss_cycle=0.5504 loss_identity=0.5123 loss_D_A=0.1952 loss_D_B=0.2196 D_A_real=0.6089 D_A_fake=0.4093 D_B_real=0.5630 D_B_fake=0.4400 grad_norm_G=51.7943 grad_norm_D=5.4355 lr=0.000200 elapsed=1883s
iter=4650/24000 loss_G=8.8921 loss_G_adv=0.7329 loss_cycle=0.5497 loss_identity=0.5325 loss_D_A=0.1741 loss_D_B=0.2261 D_A_real=0.6440 D_A_fake=0.3461 D_B_real=0.5519 D_B_fake=0.4325 grad_norm_G=55.8332 grad_norm_D=6.2857 lr=0.000200 elapsed=1905s
iter=4700/24000 loss_G=8.6014 loss_G_adv=0.6898 loss_cycle=0.5362 loss_identity=0.5099 loss_D_A=0.2021 loss_D_B=0.2045 D_A_real=0.5975 D_A_fake=0.3844 D_B_real=0.5773 D_B_fake=0.4103 grad_norm_G=50.6773 grad_norm_D=5.4375 lr=0.000200 elapsed=1926s
iter=4750/24000 loss_G=8.1271 loss_G_adv=0.7211 loss_cycle=0.5014 loss_identity=0.4783 loss_D_A=0.2249 loss_D_B=0.2100 D_A_real=0.5668 D_A_fake=0.4272 D_B_real=0.5764 D_B_fake=0.4314 grad_norm_G=46.3781 grad_norm_D=6.0918 lr=0.000200 elapsed=1946s
iter=4800/24000 loss_G=8.5856 loss_G_adv=0.7043 loss_cycle=0.5314 loss_identity=0.5135 loss_D_A=0.2040 loss_D_B=0.1891 D_A_real=0.5904 D_A_fake=0.4078 D_B_real=0.6099 D_B_fake=0.3968 grad_norm_G=48.1804 grad_norm_D=5.1036 lr=0.000200 elapsed=1966s
EPOCH 16/80 epoch_sec=129.8 img_per_sec=4.62 nan=0 peak_mps_tensor_mb=409
iter=4850/24000 loss_G=8.4362 loss_G_adv=0.6655 loss_cycle=0.5329 loss_identity=0.4883 loss_D_A=0.1896 loss_D_B=0.2251 D_A_real=0.6131 D_A_fake=0.3868 D_B_real=0.5585 D_B_fake=0.4257 grad_norm_G=51.5811 grad_norm_D=5.8100 lr=0.000200 elapsed=1986s
iter=4900/24000 loss_G=8.5049 loss_G_adv=0.7138 loss_cycle=0.5276 loss_identity=0.5030 loss_D_A=0.2023 loss_D_B=0.1954 D_A_real=0.5939 D_A_fake=0.4179 D_B_real=0.6057 D_B_fake=0.4098 grad_norm_G=45.2971 grad_norm_D=5.5129 lr=0.000200 elapsed=2007s
iter=4950/24000 loss_G=9.3092 loss_G_adv=0.8748 loss_cycle=0.5798 loss_identity=0.5272 loss_D_A=0.1627 loss_D_B=0.1956 D_A_real=0.6537 D_A_fake=0.3445 D_B_real=0.6043 D_B_fake=0.3913 grad_norm_G=62.1985 grad_norm_D=6.0887 lr=0.000200 elapsed=2032s
iter=5000/24000 loss_G=8.8521 loss_G_adv=0.8771 loss_cycle=0.5438 loss_identity=0.5074 loss_D_A=0.1815 loss_D_B=0.1987 D_A_real=0.6333 D_A_fake=0.3517 D_B_real=0.5939 D_B_fake=0.3932 grad_norm_G=49.7870 grad_norm_D=5.9805 lr=0.000200 elapsed=2054s
iter=5050/24000 loss_G=8.5783 loss_G_adv=0.8526 loss_cycle=0.5228 loss_identity=0.4995 loss_D_A=0.1670 loss_D_B=0.1947 D_A_real=0.6514 D_A_fake=0.3394 D_B_real=0.6152 D_B_fake=0.3927 grad_norm_G=50.0163 grad_norm_D=6.6086 lr=0.000200 elapsed=2072s
iter=5100/24000 loss_G=8.2073 loss_G_adv=0.7369 loss_cycle=0.5082 loss_identity=0.4777 loss_D_A=0.1781 loss_D_B=0.1965 D_A_real=0.6533 D_A_fake=0.3789 D_B_real=0.5878 D_B_fake=0.3985 grad_norm_G=46.1714 grad_norm_D=6.1249 lr=0.000200 elapsed=2091s
EPOCH 17/80 epoch_sec=124.6 img_per_sec=4.82 nan=0 peak_mps_tensor_mb=409
iter=5150/24000 loss_G=8.7439 loss_G_adv=0.7203 loss_cycle=0.5479 loss_identity=0.5089 loss_D_A=0.2092 loss_D_B=0.1930 D_A_real=0.5669 D_A_fake=0.3854 D_B_real=0.6178 D_B_fake=0.3957 grad_norm_G=51.3866 grad_norm_D=6.7632 lr=0.000200 elapsed=2110s
iter=5200/24000 loss_G=8.7341 loss_G_adv=0.6932 loss_cycle=0.5429 loss_identity=0.5224 loss_D_A=0.2075 loss_D_B=0.2027 D_A_real=0.5981 D_A_fake=0.4064 D_B_real=0.5892 D_B_fake=0.3916 grad_norm_G=47.5316 grad_norm_D=7.1819 lr=0.000200 elapsed=2128s
iter=5250/24000 loss_G=8.4874 loss_G_adv=0.7264 loss_cycle=0.5308 loss_identity=0.4905 loss_D_A=0.1935 loss_D_B=0.2092 D_A_real=0.6076 D_A_fake=0.4069 D_B_real=0.5905 D_B_fake=0.4076 grad_norm_G=48.0716 grad_norm_D=6.4690 lr=0.000200 elapsed=2146s
iter=5300/24000 loss_G=8.5995 loss_G_adv=0.7313 loss_cycle=0.5344 loss_identity=0.5049 loss_D_A=0.1985 loss_D_B=0.2092 D_A_real=0.5964 D_A_fake=0.4046 D_B_real=0.5784 D_B_fake=0.4029 grad_norm_G=46.8746 grad_norm_D=6.0030 lr=0.000200 elapsed=2164s
iter=5350/24000 loss_G=8.4549 loss_G_adv=0.7120 loss_cycle=0.5283 loss_identity=0.4919 loss_D_A=0.2004 loss_D_B=0.1820 D_A_real=0.5998 D_A_fake=0.3897 D_B_real=0.6260 D_B_fake=0.3876 grad_norm_G=45.4716 grad_norm_D=5.3170 lr=0.000200 elapsed=2182s
iter=5400/24000 loss_G=8.0279 loss_G_adv=0.7301 loss_cycle=0.4932 loss_identity=0.4732 loss_D_A=0.2069 loss_D_B=0.2036 D_A_real=0.5844 D_A_fake=0.4065 D_B_real=0.5859 D_B_fake=0.4038 grad_norm_G=42.2290 grad_norm_D=5.9385 lr=0.000200 elapsed=2200s
EPOCH 18/80 epoch_sec=109.8 img_per_sec=5.47 nan=0 peak_mps_tensor_mb=409
iter=5450/24000 loss_G=8.6003 loss_G_adv=0.7363 loss_cycle=0.5334 loss_identity=0.5060 loss_D_A=0.2041 loss_D_B=0.2067 D_A_real=0.6045 D_A_fake=0.4099 D_B_real=0.5828 D_B_fake=0.4151 grad_norm_G=46.2379 grad_norm_D=6.4817 lr=0.000200 elapsed=2219s
iter=5500/24000 loss_G=8.8013 loss_G_adv=0.7581 loss_cycle=0.5469 loss_identity=0.5148 loss_D_A=0.1975 loss_D_B=0.2104 D_A_real=0.6165 D_A_fake=0.3854 D_B_real=0.5776 D_B_fake=0.4168 grad_norm_G=51.4505 grad_norm_D=5.9600 lr=0.000200 elapsed=2239s
iter=5550/24000 loss_G=7.8713 loss_G_adv=0.6200 loss_cycle=0.4903 loss_identity=0.4697 loss_D_A=0.2252 loss_D_B=0.1980 D_A_real=0.5470 D_A_fake=0.4240 D_B_real=0.5965 D_B_fake=0.4034 grad_norm_G=45.6607 grad_norm_D=6.0895 lr=0.000200 elapsed=2262s
iter=5600/24000 loss_G=8.9087 loss_G_adv=0.6654 loss_cycle=0.5590 loss_identity=0.5306 loss_D_A=0.2091 loss_D_B=0.2181 D_A_real=0.5735 D_A_fake=0.4154 D_B_real=0.5661 D_B_fake=0.4378 grad_norm_G=46.2435 grad_norm_D=6.2155 lr=0.000200 elapsed=2281s
iter=5650/24000 loss_G=8.6573 loss_G_adv=0.6972 loss_cycle=0.5363 loss_identity=0.5194 loss_D_A=0.2108 loss_D_B=0.2066 D_A_real=0.5791 D_A_fake=0.4300 D_B_real=0.5892 D_B_fake=0.4085 grad_norm_G=48.6151 grad_norm_D=5.7136 lr=0.000200 elapsed=2303s
iter=5700/24000 loss_G=7.9643 loss_G_adv=0.7236 loss_cycle=0.4913 loss_identity=0.4656 loss_D_A=0.1997 loss_D_B=0.2006 D_A_real=0.5995 D_A_fake=0.4054 D_B_real=0.5967 D_B_fake=0.4029 grad_norm_G=43.6707 grad_norm_D=5.8796 lr=0.000200 elapsed=2325s
EPOCH 19/80 epoch_sec=124.8 img_per_sec=4.81 nan=0 peak_mps_tensor_mb=409
iter=5750/24000 loss_G=8.0819 loss_G_adv=0.6701 loss_cycle=0.5056 loss_identity=0.4711 loss_D_A=0.1976 loss_D_B=0.2110 D_A_real=0.5988 D_A_fake=0.4082 D_B_real=0.5752 D_B_fake=0.4189 grad_norm_G=49.7954 grad_norm_D=5.5283 lr=0.000200 elapsed=2347s
iter=5800/24000 loss_G=8.3743 loss_G_adv=0.7057 loss_cycle=0.5199 loss_identity=0.4940 loss_D_A=0.2080 loss_D_B=0.1947 D_A_real=0.5924 D_A_fake=0.4110 D_B_real=0.5955 D_B_fake=0.3988 grad_norm_G=51.6834 grad_norm_D=6.1920 lr=0.000200 elapsed=2369s
iter=5850/24000 loss_G=8.5121 loss_G_adv=0.6888 loss_cycle=0.5321 loss_identity=0.5005 loss_D_A=0.2030 loss_D_B=0.2110 D_A_real=0.5843 D_A_fake=0.4061 D_B_real=0.5844 D_B_fake=0.4193 grad_norm_G=48.1347 grad_norm_D=6.3813 lr=0.000200 elapsed=2388s
iter=5900/24000 loss_G=8.1596 loss_G_adv=0.7069 loss_cycle=0.5047 loss_identity=0.4811 loss_D_A=0.2018 loss_D_B=0.2094 D_A_real=0.5814 D_A_fake=0.4016 D_B_real=0.5797 D_B_fake=0.4108 grad_norm_G=48.5508 grad_norm_D=6.1429 lr=0.000200 elapsed=2410s
iter=5950/24000 loss_G=8.3922 loss_G_adv=0.6852 loss_cycle=0.5215 loss_identity=0.4985 loss_D_A=0.2281 loss_D_B=0.2169 D_A_real=0.5617 D_A_fake=0.4331 D_B_real=0.5800 D_B_fake=0.4252 grad_norm_G=48.0334 grad_norm_D=6.6276 lr=0.000200 elapsed=2431s
iter=6000/24000 loss_G=7.5110 loss_G_adv=0.6971 loss_cycle=0.4613 loss_identity=0.4402 loss_D_A=0.1941 loss_D_B=0.2078 D_A_real=0.5932 D_A_fake=0.3902 D_B_real=0.5862 D_B_fake=0.4044 grad_norm_G=41.7254 grad_norm_D=4.9238 lr=0.000200 elapsed=2452s
EPOCH 20/80 epoch_sec=126.5 img_per_sec=4.74 nan=0 peak_mps_tensor_mb=409
iter=6050/24000 loss_G=9.1132 loss_G_adv=0.6556 loss_cycle=0.5795 loss_identity=0.5326 loss_D_A=0.2062 loss_D_B=0.2123 D_A_real=0.5880 D_A_fake=0.4216 D_B_real=0.5714 D_B_fake=0.4203 grad_norm_G=58.1885 grad_norm_D=6.6287 lr=0.000200 elapsed=2474s
iter=6100/24000 loss_G=8.4009 loss_G_adv=0.7237 loss_cycle=0.5243 loss_identity=0.4869 loss_D_A=0.1935 loss_D_B=0.2036 D_A_real=0.6126 D_A_fake=0.4001 D_B_real=0.5806 D_B_fake=0.4094 grad_norm_G=48.6492 grad_norm_D=5.9222 lr=0.000200 elapsed=2495s
iter=6150/24000 loss_G=8.1119 loss_G_adv=0.7259 loss_cycle=0.5037 loss_identity=0.4698 loss_D_A=0.2148 loss_D_B=0.1914 D_A_real=0.5695 D_A_fake=0.4214 D_B_real=0.6132 D_B_fake=0.4025 grad_norm_G=45.2332 grad_norm_D=6.2819 lr=0.000200 elapsed=2516s
iter=6200/24000 loss_G=8.0834 loss_G_adv=0.7390 loss_cycle=0.4986 loss_identity=0.4716 loss_D_A=0.2091 loss_D_B=0.2095 D_A_real=0.5683 D_A_fake=0.4141 D_B_real=0.5886 D_B_fake=0.4039 grad_norm_G=46.2237 grad_norm_D=6.9679 lr=0.000200 elapsed=2539s
iter=6250/24000 loss_G=8.6308 loss_G_adv=0.7108 loss_cycle=0.5368 loss_identity=0.5103 loss_D_A=0.1839 loss_D_B=0.2143 D_A_real=0.6210 D_A_fake=0.3873 D_B_real=0.5570 D_B_fake=0.4315 grad_norm_G=45.7451 grad_norm_D=5.8988 lr=0.000200 elapsed=2557s
iter=6300/24000 loss_G=7.7307 loss_G_adv=0.7196 loss_cycle=0.4753 loss_identity=0.4517 loss_D_A=0.2047 loss_D_B=0.2084 D_A_real=0.5898 D_A_fake=0.3863 D_B_real=0.5821 D_B_fake=0.4092 grad_norm_G=43.0937 grad_norm_D=6.1020 lr=0.000200 elapsed=2576s
EPOCH 21/80 epoch_sec=122.6 img_per_sec=4.89 nan=0 peak_mps_tensor_mb=409
iter=6350/24000 loss_G=8.4690 loss_G_adv=0.7931 loss_cycle=0.5263 loss_identity=0.4827 loss_D_A=0.1825 loss_D_B=0.2116 D_A_real=0.6257 D_A_fake=0.3890 D_B_real=0.5874 D_B_fake=0.4199 grad_norm_G=54.6862 grad_norm_D=5.8201 lr=0.000200 elapsed=2594s
iter=6400/24000 loss_G=8.4603 loss_G_adv=0.7903 loss_cycle=0.5165 loss_identity=0.5010 loss_D_A=0.1839 loss_D_B=0.2022 D_A_real=0.6157 D_A_fake=0.3708 D_B_real=0.5856 D_B_fake=0.3920 grad_norm_G=48.2001 grad_norm_D=6.0824 lr=0.000200 elapsed=2612s
iter=6450/24000 loss_G=7.9107 loss_G_adv=0.7598 loss_cycle=0.4814 loss_identity=0.4673 loss_D_A=0.2032 loss_D_B=0.1967 D_A_real=0.5859 D_A_fake=0.4101 D_B_real=0.6044 D_B_fake=0.4002 grad_norm_G=44.1976 grad_norm_D=5.7014 lr=0.000200 elapsed=2631s
iter=6500/24000 loss_G=8.4628 loss_G_adv=0.7660 loss_cycle=0.5225 loss_identity=0.4944 loss_D_A=0.1850 loss_D_B=0.1919 D_A_real=0.6241 D_A_fake=0.3854 D_B_real=0.6103 D_B_fake=0.3955 grad_norm_G=45.6372 grad_norm_D=5.9868 lr=0.000200 elapsed=2652s
iter=6550/24000 loss_G=7.8887 loss_G_adv=0.7237 loss_cycle=0.4835 loss_identity=0.4659 loss_D_A=0.1906 loss_D_B=0.2089 D_A_real=0.6273 D_A_fake=0.3956 D_B_real=0.5850 D_B_fake=0.4251 grad_norm_G=47.7253 grad_norm_D=6.0409 lr=0.000200 elapsed=2671s
iter=6600/24000 loss_G=7.3881 loss_G_adv=0.7542 loss_cycle=0.4489 loss_identity=0.4290 loss_D_A=0.1979 loss_D_B=0.2025 D_A_real=0.5962 D_A_fake=0.3761 D_B_real=0.5784 D_B_fake=0.4117 grad_norm_G=41.0356 grad_norm_D=5.7928 lr=0.000200 elapsed=2691s
EPOCH 22/80 epoch_sec=115.3 img_per_sec=5.20 nan=0 peak_mps_tensor_mb=409
iter=6650/24000 loss_G=7.9703 loss_G_adv=0.7267 loss_cycle=0.4914 loss_identity=0.4659 loss_D_A=0.2042 loss_D_B=0.1912 D_A_real=0.5920 D_A_fake=0.4141 D_B_real=0.6073 D_B_fake=0.3706 grad_norm_G=44.7730 grad_norm_D=5.7310 lr=0.000200 elapsed=2710s
iter=6700/24000 loss_G=8.2033 loss_G_adv=0.7841 loss_cycle=0.5016 loss_identity=0.4807 loss_D_A=0.2005 loss_D_B=0.2085 D_A_real=0.5843 D_A_fake=0.3928 D_B_real=0.5862 D_B_fake=0.4216 grad_norm_G=48.4941 grad_norm_D=6.4411 lr=0.000200 elapsed=2729s
iter=6750/24000 loss_G=7.9920 loss_G_adv=0.7654 loss_cycle=0.4921 loss_identity=0.4610 loss_D_A=0.1901 loss_D_B=0.2020 D_A_real=0.6135 D_A_fake=0.3940 D_B_real=0.5989 D_B_fake=0.4194 grad_norm_G=46.2272 grad_norm_D=6.5308 lr=0.000200 elapsed=2749s
iter=6800/24000 loss_G=8.4419 loss_G_adv=0.7787 loss_cycle=0.5177 loss_identity=0.4972 loss_D_A=0.1895 loss_D_B=0.2196 D_A_real=0.6225 D_A_fake=0.3799 D_B_real=0.5690 D_B_fake=0.3973 grad_norm_G=45.8845 grad_norm_D=6.0255 lr=0.000200 elapsed=2769s
iter=6850/24000 loss_G=8.0427 loss_G_adv=0.7678 loss_cycle=0.4979 loss_identity=0.4592 loss_D_A=0.1975 loss_D_B=0.1837 D_A_real=0.5987 D_A_fake=0.3968 D_B_real=0.6236 D_B_fake=0.3843 grad_norm_G=44.7403 grad_norm_D=5.8542 lr=0.000200 elapsed=2789s
iter=6900/24000 loss_G=8.4810 loss_G_adv=0.7444 loss_cycle=0.5276 loss_identity=0.4920 loss_D_A=0.1979 loss_D_B=0.1849 D_A_real=0.6098 D_A_fake=0.4032 D_B_real=0.6177 D_B_fake=0.3778 grad_norm_G=49.1181 grad_norm_D=6.1159 lr=0.000200 elapsed=2808s
EPOCH 23/80 epoch_sec=116.8 img_per_sec=5.14 nan=0 peak_mps_tensor_mb=409
iter=6950/24000 loss_G=8.2603 loss_G_adv=0.8261 loss_cycle=0.5065 loss_identity=0.4738 loss_D_A=0.1846 loss_D_B=0.2166 D_A_real=0.6260 D_A_fake=0.3695 D_B_real=0.5646 D_B_fake=0.4227 grad_norm_G=43.4014 grad_norm_D=6.3236 lr=0.000200 elapsed=2827s
iter=7000/24000 loss_G=8.0008 loss_G_adv=0.7226 loss_cycle=0.4932 loss_identity=0.4693 loss_D_A=0.1912 loss_D_B=0.1872 D_A_real=0.5969 D_A_fake=0.3728 D_B_real=0.6208 D_B_fake=0.3970 grad_norm_G=41.9010 grad_norm_D=6.3764 lr=0.000200 elapsed=2846s
iter=7050/24000 loss_G=8.0877 loss_G_adv=0.7593 loss_cycle=0.4929 loss_identity=0.4800 loss_D_A=0.2012 loss_D_B=0.2077 D_A_real=0.6078 D_A_fake=0.3898 D_B_real=0.5930 D_B_fake=0.3992 grad_norm_G=46.3264 grad_norm_D=6.7779 lr=0.000200 elapsed=2865s
iter=7100/24000 loss_G=7.3820 loss_G_adv=0.6927 loss_cycle=0.4477 loss_identity=0.4425 loss_D_A=0.2002 loss_D_B=0.2143 D_A_real=0.5874 D_A_fake=0.4076 D_B_real=0.5702 D_B_fake=0.4212 grad_norm_G=48.1423 grad_norm_D=5.7656 lr=0.000200 elapsed=2884s
iter=7150/24000 loss_G=8.4499 loss_G_adv=0.7353 loss_cycle=0.5301 loss_identity=0.4828 loss_D_A=0.1952 loss_D_B=0.2068 D_A_real=0.5993 D_A_fake=0.3878 D_B_real=0.5851 D_B_fake=0.4160 grad_norm_G=43.6230 grad_norm_D=5.9167 lr=0.000200 elapsed=2902s
iter=7200/24000 loss_G=7.9412 loss_G_adv=0.7270 loss_cycle=0.4907 loss_identity=0.4614 loss_D_A=0.1905 loss_D_B=0.1938 D_A_real=0.6175 D_A_fake=0.3881 D_B_real=0.6065 D_B_fake=0.3988 grad_norm_G=42.7235 grad_norm_D=5.8226 lr=0.000200 elapsed=2921s
EPOCH 24/80 epoch_sec=113.5 img_per_sec=5.29 nan=0 peak_mps_tensor_mb=409
iter=7250/24000 loss_G=7.9047 loss_G_adv=0.6882 loss_cycle=0.4881 loss_identity=0.4672 loss_D_A=0.2082 loss_D_B=0.2021 D_A_real=0.5715 D_A_fake=0.4040 D_B_real=0.6046 D_B_fake=0.4174 grad_norm_G=42.7884 grad_norm_D=6.0479 lr=0.000200 elapsed=2941s
iter=7300/24000 loss_G=8.4655 loss_G_adv=0.7155 loss_cycle=0.5266 loss_identity=0.4968 loss_D_A=0.2071 loss_D_B=0.2110 D_A_real=0.6014 D_A_fake=0.4201 D_B_real=0.5677 D_B_fake=0.4176 grad_norm_G=45.4323 grad_norm_D=6.0558 lr=0.000200 elapsed=2959s
iter=7350/24000 loss_G=8.9579 loss_G_adv=0.6903 loss_cycle=0.5606 loss_identity=0.5324 loss_D_A=0.2023 loss_D_B=0.2080 D_A_real=0.6003 D_A_fake=0.3962 D_B_real=0.5818 D_B_fake=0.4237 grad_norm_G=47.0511 grad_norm_D=5.9544 lr=0.000200 elapsed=2978s
iter=7400/24000 loss_G=7.9643 loss_G_adv=0.7352 loss_cycle=0.4839 loss_identity=0.4779 loss_D_A=0.2115 loss_D_B=0.1899 D_A_real=0.5679 D_A_fake=0.4109 D_B_real=0.6068 D_B_fake=0.3918 grad_norm_G=45.7847 grad_norm_D=5.8089 lr=0.000200 elapsed=2997s
iter=7450/24000 loss_G=8.2379 loss_G_adv=0.7693 loss_cycle=0.5074 loss_identity=0.4789 loss_D_A=0.1855 loss_D_B=0.2036 D_A_real=0.6212 D_A_fake=0.3904 D_B_real=0.6040 D_B_fake=0.3959 grad_norm_G=43.6157 grad_norm_D=6.1546 lr=0.000200 elapsed=3016s
iter=7500/24000 loss_G=8.0693 loss_G_adv=0.7880 loss_cycle=0.4926 loss_identity=0.4711 loss_D_A=0.1917 loss_D_B=0.2143 D_A_real=0.6117 D_A_fake=0.3837 D_B_real=0.5688 D_B_fake=0.4223 grad_norm_G=46.0383 grad_norm_D=6.1953 lr=0.000200 elapsed=3035s
EPOCH 25/80 epoch_sec=113.3 img_per_sec=5.30 nan=0 peak_mps_tensor_mb=409
iter=7550/24000 loss_G=8.0021 loss_G_adv=0.7441 loss_cycle=0.4911 loss_identity=0.4695 loss_D_A=0.2210 loss_D_B=0.2022 D_A_real=0.5830 D_A_fake=0.4349 D_B_real=0.5881 D_B_fake=0.4072 grad_norm_G=49.0997 grad_norm_D=6.3368 lr=0.000200 elapsed=3055s
iter=7600/24000 loss_G=7.7379 loss_G_adv=0.7910 loss_cycle=0.4732 loss_identity=0.4430 loss_D_A=0.1961 loss_D_B=0.2002 D_A_real=0.5824 D_A_fake=0.3853 D_B_real=0.5962 D_B_fake=0.4028 grad_norm_G=43.9486 grad_norm_D=6.0677 lr=0.000200 elapsed=3073s
iter=7650/24000 loss_G=8.0335 loss_G_adv=0.7129 loss_cycle=0.4994 loss_identity=0.4653 loss_D_A=0.1927 loss_D_B=0.1946 D_A_real=0.6121 D_A_fake=0.4061 D_B_real=0.6011 D_B_fake=0.4040 grad_norm_G=43.5640 grad_norm_D=5.7414 lr=0.000200 elapsed=3091s
iter=7700/24000 loss_G=8.9524 loss_G_adv=0.6895 loss_cycle=0.5567 loss_identity=0.5392 loss_D_A=0.2005 loss_D_B=0.2038 D_A_real=0.5979 D_A_fake=0.4026 D_B_real=0.5995 D_B_fake=0.3868 grad_norm_G=48.9957 grad_norm_D=6.5122 lr=0.000200 elapsed=3109s
iter=7750/24000 loss_G=7.6862 loss_G_adv=0.7044 loss_cycle=0.4743 loss_identity=0.4477 loss_D_A=0.2015 loss_D_B=0.2128 D_A_real=0.5802 D_A_fake=0.3916 D_B_real=0.5714 D_B_fake=0.4229 grad_norm_G=40.4875 grad_norm_D=5.9179 lr=0.000200 elapsed=3128s
iter=7800/24000 loss_G=8.0944 loss_G_adv=0.8375 loss_cycle=0.4936 loss_identity=0.4641 loss_D_A=0.1889 loss_D_B=0.2064 D_A_real=0.6211 D_A_fake=0.3760 D_B_real=0.5790 D_B_fake=0.4150 grad_norm_G=45.6513 grad_norm_D=6.1896 lr=0.000200 elapsed=3146s
EPOCH 26/80 epoch_sec=110.5 img_per_sec=5.43 nan=0 peak_mps_tensor_mb=409
iter=7850/24000 loss_G=8.6788 loss_G_adv=0.7710 loss_cycle=0.5398 loss_identity=0.5020 loss_D_A=0.1878 loss_D_B=0.1922 D_A_real=0.6260 D_A_fake=0.3848 D_B_real=0.6134 D_B_fake=0.4049 grad_norm_G=44.0215 grad_norm_D=6.1971 lr=0.000200 elapsed=3164s
iter=7900/24000 loss_G=7.7326 loss_G_adv=0.7235 loss_cycle=0.4757 loss_identity=0.4503 loss_D_A=0.2064 loss_D_B=0.2117 D_A_real=0.5838 D_A_fake=0.4056 D_B_real=0.5876 D_B_fake=0.4101 grad_norm_G=45.2821 grad_norm_D=5.8845 lr=0.000200 elapsed=3182s
iter=7950/24000 loss_G=8.0323 loss_G_adv=0.6640 loss_cycle=0.4992 loss_identity=0.4753 loss_D_A=0.1955 loss_D_B=0.1910 D_A_real=0.6028 D_A_fake=0.4024 D_B_real=0.5894 D_B_fake=0.3936 grad_norm_G=45.1742 grad_norm_D=5.3505 lr=0.000200 elapsed=3200s
iter=8000/24000 loss_G=8.1697 loss_G_adv=0.7324 loss_cycle=0.5067 loss_identity=0.4741 loss_D_A=0.2000 loss_D_B=0.1938 D_A_real=0.5968 D_A_fake=0.3992 D_B_real=0.6086 D_B_fake=0.3889 grad_norm_G=45.9106 grad_norm_D=6.0147 lr=0.000200 elapsed=3219s
iter=8050/24000 loss_G=7.9212 loss_G_adv=0.7593 loss_cycle=0.4821 loss_identity=0.4682 loss_D_A=0.1985 loss_D_B=0.1996 D_A_real=0.6012 D_A_fake=0.3945 D_B_real=0.6005 D_B_fake=0.3988 grad_norm_G=42.1387 grad_norm_D=6.3521 lr=0.000200 elapsed=3237s
iter=8100/24000 loss_G=7.7137 loss_G_adv=0.7587 loss_cycle=0.4668 loss_identity=0.4574 loss_D_A=0.1990 loss_D_B=0.2112 D_A_real=0.6007 D_A_fake=0.3970 D_B_real=0.5801 D_B_fake=0.4147 grad_norm_G=39.8789 grad_norm_D=6.8748 lr=0.000200 elapsed=3255s
EPOCH 27/80 epoch_sec=108.7 img_per_sec=5.52 nan=0 peak_mps_tensor_mb=409
iter=8150/24000 loss_G=7.4983 loss_G_adv=0.6964 loss_cycle=0.4616 loss_identity=0.4371 loss_D_A=0.2116 loss_D_B=0.2028 D_A_real=0.5760 D_A_fake=0.4054 D_B_real=0.5907 D_B_fake=0.4096 grad_norm_G=46.0062 grad_norm_D=5.9608 lr=0.000200 elapsed=3273s
iter=8200/24000 loss_G=8.4174 loss_G_adv=0.7721 loss_cycle=0.5205 loss_identity=0.4880 loss_D_A=0.1972 loss_D_B=0.1955 D_A_real=0.6070 D_A_fake=0.3906 D_B_real=0.5893 D_B_fake=0.3874 grad_norm_G=42.5508 grad_norm_D=5.7789 lr=0.000200 elapsed=3291s
iter=8250/24000 loss_G=7.8578 loss_G_adv=0.7384 loss_cycle=0.4759 loss_identity=0.4720 loss_D_A=0.2050 loss_D_B=0.1971 D_A_real=0.5810 D_A_fake=0.4071 D_B_real=0.6055 D_B_fake=0.4036 grad_norm_G=42.3886 grad_norm_D=5.5671 lr=0.000200 elapsed=3309s
iter=8300/24000 loss_G=7.9250 loss_G_adv=0.6680 loss_cycle=0.4946 loss_identity=0.4623 loss_D_A=0.2053 loss_D_B=0.1964 D_A_real=0.5947 D_A_fake=0.4069 D_B_real=0.5961 D_B_fake=0.4008 grad_norm_G=45.9314 grad_norm_D=6.0704 lr=0.000200 elapsed=3328s
iter=8350/24000 loss_G=7.5352 loss_G_adv=0.6960 loss_cycle=0.4672 loss_identity=0.4334 loss_D_A=0.2157 loss_D_B=0.1897 D_A_real=0.5610 D_A_fake=0.4323 D_B_real=0.6087 D_B_fake=0.3922 grad_norm_G=46.6348 grad_norm_D=5.4723 lr=0.000200 elapsed=3346s
iter=8400/24000 loss_G=8.6433 loss_G_adv=0.7361 loss_cycle=0.5371 loss_identity=0.5072 loss_D_A=0.2053 loss_D_B=0.1909 D_A_real=0.5747 D_A_fake=0.4181 D_B_real=0.6254 D_B_fake=0.3836 grad_norm_G=47.5708 grad_norm_D=6.1351 lr=0.000200 elapsed=3366s
EPOCH 28/80 epoch_sec=111.0 img_per_sec=5.40 nan=0 peak_mps_tensor_mb=409
iter=8450/24000 loss_G=7.8574 loss_G_adv=0.7411 loss_cycle=0.4860 loss_identity=0.4512 loss_D_A=0.2053 loss_D_B=0.2019 D_A_real=0.5870 D_A_fake=0.4221 D_B_real=0.5891 D_B_fake=0.4099 grad_norm_G=44.1588 grad_norm_D=5.7053 lr=0.000200 elapsed=3387s
iter=8500/24000 loss_G=8.0652 loss_G_adv=0.7622 loss_cycle=0.4959 loss_identity=0.4688 loss_D_A=0.2127 loss_D_B=0.2002 D_A_real=0.5702 D_A_fake=0.4103 D_B_real=0.5906 D_B_fake=0.4017 grad_norm_G=44.4886 grad_norm_D=5.3881 lr=0.000200 elapsed=3408s
iter=8550/24000 loss_G=7.9181 loss_G_adv=0.7829 loss_cycle=0.4823 loss_identity=0.4624 loss_D_A=0.1912 loss_D_B=0.1806 D_A_real=0.6067 D_A_fake=0.3945 D_B_real=0.6307 D_B_fake=0.3623 grad_norm_G=41.1736 grad_norm_D=6.5711 lr=0.000200 elapsed=3429s
iter=8600/24000 loss_G=8.2523 loss_G_adv=0.7745 loss_cycle=0.5100 loss_identity=0.4755 loss_D_A=0.2114 loss_D_B=0.1749 D_A_real=0.5854 D_A_fake=0.4231 D_B_real=0.6428 D_B_fake=0.3613 grad_norm_G=46.8259 grad_norm_D=6.0511 lr=0.000200 elapsed=3453s
iter=8650/24000 loss_G=7.8850 loss_G_adv=0.7779 loss_cycle=0.4807 loss_identity=0.4600 loss_D_A=0.2091 loss_D_B=0.1885 D_A_real=0.5741 D_A_fake=0.4221 D_B_real=0.6203 D_B_fake=0.3728 grad_norm_G=42.9883 grad_norm_D=5.8991 lr=0.000200 elapsed=3474s
iter=8700/24000 loss_G=8.3110 loss_G_adv=0.7492 loss_cycle=0.5159 loss_identity=0.4806 loss_D_A=0.1995 loss_D_B=0.1860 D_A_real=0.5964 D_A_fake=0.3935 D_B_real=0.6252 D_B_fake=0.3846 grad_norm_G=45.5521 grad_norm_D=6.2468 lr=0.000200 elapsed=3494s
EPOCH 29/80 epoch_sec=128.3 img_per_sec=4.68 nan=0 peak_mps_tensor_mb=409
iter=8750/24000 loss_G=8.2154 loss_G_adv=0.7064 loss_cycle=0.5073 loss_identity=0.4872 loss_D_A=0.2062 loss_D_B=0.1928 D_A_real=0.5796 D_A_fake=0.4189 D_B_real=0.6105 D_B_fake=0.3810 grad_norm_G=48.5096 grad_norm_D=6.2715 lr=0.000200 elapsed=3512s
iter=8800/24000 loss_G=8.2023 loss_G_adv=0.7247 loss_cycle=0.5065 loss_identity=0.4826 loss_D_A=0.1950 loss_D_B=0.1949 D_A_real=0.6118 D_A_fake=0.3936 D_B_real=0.6157 D_B_fake=0.3834 grad_norm_G=45.5232 grad_norm_D=6.3784 lr=0.000200 elapsed=3531s
iter=8850/24000 loss_G=7.9475 loss_G_adv=0.7121 loss_cycle=0.4902 loss_identity=0.4666 loss_D_A=0.2290 loss_D_B=0.2025 D_A_real=0.5430 D_A_fake=0.4325 D_B_real=0.5885 D_B_fake=0.3995 grad_norm_G=42.8158 grad_norm_D=6.4768 lr=0.000200 elapsed=3549s
iter=8900/24000 loss_G=7.7868 loss_G_adv=0.6477 loss_cycle=0.4835 loss_identity=0.4608 loss_D_A=0.2229 loss_D_B=0.1931 D_A_real=0.5654 D_A_fake=0.4416 D_B_real=0.6072 D_B_fake=0.3899 grad_norm_G=44.9050 grad_norm_D=6.2594 lr=0.000200 elapsed=3567s
iter=8950/24000 loss_G=8.1020 loss_G_adv=0.7441 loss_cycle=0.5019 loss_identity=0.4678 loss_D_A=0.2055 loss_D_B=0.1966 D_A_real=0.5830 D_A_fake=0.4304 D_B_real=0.6100 D_B_fake=0.3960 grad_norm_G=45.9019 grad_norm_D=5.6688 lr=0.000200 elapsed=3585s
iter=9000/24000 loss_G=8.0461 loss_G_adv=0.7032 loss_cycle=0.4960 loss_identity=0.4765 loss_D_A=0.2294 loss_D_B=0.2072 D_A_real=0.5445 D_A_fake=0.4287 D_B_real=0.5731 D_B_fake=0.4144 grad_norm_G=42.9621 grad_norm_D=6.1557 lr=0.000200 elapsed=3603s
EPOCH 30/80 epoch_sec=109.0 img_per_sec=5.51 nan=0 peak_mps_tensor_mb=409
iter=9050/24000 loss_G=7.7529 loss_G_adv=0.7270 loss_cycle=0.4789 loss_identity=0.4474 loss_D_A=0.2191 loss_D_B=0.1908 D_A_real=0.5594 D_A_fake=0.4338 D_B_real=0.6105 D_B_fake=0.3844 grad_norm_G=48.5899 grad_norm_D=5.5670 lr=0.000200 elapsed=3623s
iter=9100/24000 loss_G=7.8763 loss_G_adv=0.7517 loss_cycle=0.4831 loss_identity=0.4588 loss_D_A=0.2122 loss_D_B=0.1811 D_A_real=0.5815 D_A_fake=0.4245 D_B_real=0.6312 D_B_fake=0.3720 grad_norm_G=39.5440 grad_norm_D=6.4642 lr=0.000200 elapsed=3643s
iter=9150/24000 loss_G=8.0597 loss_G_adv=0.6806 loss_cycle=0.4990 loss_identity=0.4778 loss_D_A=0.2139 loss_D_B=0.2006 D_A_real=0.5675 D_A_fake=0.4380 D_B_real=0.5983 D_B_fake=0.3948 grad_norm_G=43.1094 grad_norm_D=6.0337 lr=0.000200 elapsed=3663s
iter=9200/24000 loss_G=7.8425 loss_G_adv=0.6363 loss_cycle=0.4869 loss_identity=0.4674 loss_D_A=0.2086 loss_D_B=0.2145 D_A_real=0.5832 D_A_fake=0.4171 D_B_real=0.6002 D_B_fake=0.4023 grad_norm_G=43.2456 grad_norm_D=5.8237 lr=0.000200 elapsed=3685s
iter=9250/24000 loss_G=7.3981 loss_G_adv=0.6400 loss_cycle=0.4608 loss_identity=0.4300 loss_D_A=0.2192 loss_D_B=0.2143 D_A_real=0.5648 D_A_fake=0.4257 D_B_real=0.5783 D_B_fake=0.4240 grad_norm_G=40.2072 grad_norm_D=4.9081 lr=0.000200 elapsed=3706s
iter=9300/24000 loss_G=8.1865 loss_G_adv=0.6695 loss_cycle=0.5104 loss_identity=0.4827 loss_D_A=0.2104 loss_D_B=0.2276 D_A_real=0.5759 D_A_fake=0.4233 D_B_real=0.5325 D_B_fake=0.4504 grad_norm_G=46.4246 grad_norm_D=5.3975 lr=0.000200 elapsed=3726s
EPOCH 31/80 epoch_sec=121.7 img_per_sec=4.93 nan=0 peak_mps_tensor_mb=409
iter=9350/24000 loss_G=8.1888 loss_G_adv=0.6731 loss_cycle=0.5065 loss_identity=0.4901 loss_D_A=0.2089 loss_D_B=0.2205 D_A_real=0.5797 D_A_fake=0.4266 D_B_real=0.5620 D_B_fake=0.4397 grad_norm_G=44.8176 grad_norm_D=5.6580 lr=0.000200 elapsed=3746s
iter=9400/24000 loss_G=7.9063 loss_G_adv=0.6805 loss_cycle=0.4914 loss_identity=0.4623 loss_D_A=0.1961 loss_D_B=0.1874 D_A_real=0.5951 D_A_fake=0.3897 D_B_real=0.6054 D_B_fake=0.3918 grad_norm_G=47.2000 grad_norm_D=5.4939 lr=0.000200 elapsed=3767s
iter=9450/24000 loss_G=7.8631 loss_G_adv=0.7861 loss_cycle=0.4818 loss_identity=0.4518 loss_D_A=0.1931 loss_D_B=0.2117 D_A_real=0.6190 D_A_fake=0.3920 D_B_real=0.5830 D_B_fake=0.4240 grad_norm_G=43.9075 grad_norm_D=5.9673 lr=0.000200 elapsed=3787s
iter=9500/24000 loss_G=7.8602 loss_G_adv=0.7123 loss_cycle=0.4845 loss_identity=0.4606 loss_D_A=0.2002 loss_D_B=0.1965 D_A_real=0.5845 D_A_fake=0.4062 D_B_real=0.6071 D_B_fake=0.3870 grad_norm_G=41.6760 grad_norm_D=5.7751 lr=0.000200 elapsed=3807s
iter=9550/24000 loss_G=7.9163 loss_G_adv=0.6775 loss_cycle=0.4909 loss_identity=0.4659 loss_D_A=0.2223 loss_D_B=0.2131 D_A_real=0.5648 D_A_fake=0.4253 D_B_real=0.5795 D_B_fake=0.4243 grad_norm_G=41.5091 grad_norm_D=5.7011 lr=0.000200 elapsed=3827s
iter=9600/24000 loss_G=7.3221 loss_G_adv=0.6412 loss_cycle=0.4528 loss_identity=0.4306 loss_D_A=0.2146 loss_D_B=0.2146 D_A_real=0.5583 D_A_fake=0.4301 D_B_real=0.5642 D_B_fake=0.4282 grad_norm_G=40.6941 grad_norm_D=5.3870 lr=0.000200 elapsed=3848s
EPOCH 32/80 epoch_sec=121.7 img_per_sec=4.93 nan=0 peak_mps_tensor_mb=409
iter=9650/24000 loss_G=8.1623 loss_G_adv=0.6955 loss_cycle=0.5062 loss_identity=0.4810 loss_D_A=0.2159 loss_D_B=0.1959 D_A_real=0.5657 D_A_fake=0.4390 D_B_real=0.6027 D_B_fake=0.4073 grad_norm_G=44.7133 grad_norm_D=6.3058 lr=0.000200 elapsed=3867s
iter=9700/24000 loss_G=7.6439 loss_G_adv=0.7919 loss_cycle=0.4612 loss_identity=0.4479 loss_D_A=0.2008 loss_D_B=0.2041 D_A_real=0.6034 D_A_fake=0.4010 D_B_real=0.5894 D_B_fake=0.3792 grad_norm_G=39.1305 grad_norm_D=5.7401 lr=0.000200 elapsed=3888s
iter=9750/24000 loss_G=7.6257 loss_G_adv=0.6696 loss_cycle=0.4768 loss_identity=0.4377 loss_D_A=0.2042 loss_D_B=0.2160 D_A_real=0.5900 D_A_fake=0.4087 D_B_real=0.5552 D_B_fake=0.4215 grad_norm_G=42.6616 grad_norm_D=5.1666 lr=0.000200 elapsed=3908s
iter=9800/24000 loss_G=7.8231 loss_G_adv=0.7104 loss_cycle=0.4803 loss_identity=0.4619 loss_D_A=0.2159 loss_D_B=0.1974 D_A_real=0.5624 D_A_fake=0.4218 D_B_real=0.5849 D_B_fake=0.4015 grad_norm_G=42.8724 grad_norm_D=5.1789 lr=0.000200 elapsed=3928s
iter=9850/24000 loss_G=7.7671 loss_G_adv=0.7548 loss_cycle=0.4781 loss_identity=0.4462 loss_D_A=0.2077 loss_D_B=0.1971 D_A_real=0.5920 D_A_fake=0.4165 D_B_real=0.6186 D_B_fake=0.3997 grad_norm_G=37.8848 grad_norm_D=6.1573 lr=0.000200 elapsed=3948s
iter=9900/24000 loss_G=7.7266 loss_G_adv=0.7420 loss_cycle=0.4724 loss_identity=0.4521 loss_D_A=0.2034 loss_D_B=0.1985 D_A_real=0.5828 D_A_fake=0.4146 D_B_real=0.5911 D_B_fake=0.4100 grad_norm_G=40.0272 grad_norm_D=5.4387 lr=0.000200 elapsed=3968s
EPOCH 33/80 epoch_sec=120.8 img_per_sec=4.97 nan=0 peak_mps_tensor_mb=409
iter=9950/24000 loss_G=7.8842 loss_G_adv=0.7032 loss_cycle=0.4841 loss_identity=0.4680 loss_D_A=0.2026 loss_D_B=0.2225 D_A_real=0.5941 D_A_fake=0.4096 D_B_real=0.5692 D_B_fake=0.4263 grad_norm_G=43.3410 grad_norm_D=5.8586 lr=0.000200 elapsed=3989s
iter=10000/24000 loss_G=7.9132 loss_G_adv=0.6563 loss_cycle=0.4883 loss_identity=0.4748 loss_D_A=0.2250 loss_D_B=0.2086 D_A_real=0.5471 D_A_fake=0.4363 D_B_real=0.5789 D_B_fake=0.4170 grad_norm_G=41.8819 grad_norm_D=5.3396 lr=0.000200 elapsed=4009s
iter=10050/24000 loss_G=7.5206 loss_G_adv=0.6763 loss_cycle=0.4647 loss_identity=0.4395 loss_D_A=0.2069 loss_D_B=0.2124 D_A_real=0.5787 D_A_fake=0.4260 D_B_real=0.5793 D_B_fake=0.4226 grad_norm_G=42.0448 grad_norm_D=5.2217 lr=0.000200 elapsed=4027s
iter=10100/24000 loss_G=7.8901 loss_G_adv=0.8053 loss_cycle=0.4780 loss_identity=0.4608 loss_D_A=0.2002 loss_D_B=0.2050 D_A_real=0.5984 D_A_fake=0.3913 D_B_real=0.5812 D_B_fake=0.4077 grad_norm_G=39.8235 grad_norm_D=5.3840 lr=0.000200 elapsed=4045s
iter=10150/24000 loss_G=7.8932 loss_G_adv=0.6927 loss_cycle=0.4850 loss_identity=0.4700 loss_D_A=0.2014 loss_D_B=0.1995 D_A_real=0.6048 D_A_fake=0.4169 D_B_real=0.5823 D_B_fake=0.3990 grad_norm_G=43.8890 grad_norm_D=5.6161 lr=0.000200 elapsed=4063s
iter=10200/24000 loss_G=7.5766 loss_G_adv=0.6937 loss_cycle=0.4672 loss_identity=0.4423 loss_D_A=0.2250 loss_D_B=0.2148 D_A_real=0.5432 D_A_fake=0.4205 D_B_real=0.5820 D_B_fake=0.4330 grad_norm_G=41.2701 grad_norm_D=5.8809 lr=0.000200 elapsed=4082s
EPOCH 34/80 epoch_sec=113.7 img_per_sec=5.28 nan=0 peak_mps_tensor_mb=409
iter=10250/24000 loss_G=7.2179 loss_G_adv=0.7002 loss_cycle=0.4401 loss_identity=0.4233 loss_D_A=0.2051 loss_D_B=0.2087 D_A_real=0.5810 D_A_fake=0.4133 D_B_real=0.5792 D_B_fake=0.4259 grad_norm_G=40.2577 grad_norm_D=4.8849 lr=0.000200 elapsed=4100s
iter=10300/24000 loss_G=7.8774 loss_G_adv=0.7291 loss_cycle=0.4862 loss_identity=0.4572 loss_D_A=0.2189 loss_D_B=0.1944 D_A_real=0.5661 D_A_fake=0.4343 D_B_real=0.5857 D_B_fake=0.3826 grad_norm_G=42.2064 grad_norm_D=5.9620 lr=0.000200 elapsed=4118s
iter=10350/24000 loss_G=8.3394 loss_G_adv=0.6128 loss_cycle=0.5304 loss_identity=0.4846 loss_D_A=0.2098 loss_D_B=0.2207 D_A_real=0.5771 D_A_fake=0.4267 D_B_real=0.5723 D_B_fake=0.4478 grad_norm_G=44.0377 grad_norm_D=5.5890 lr=0.000200 elapsed=4136s
iter=10400/24000 loss_G=7.9310 loss_G_adv=0.7191 loss_cycle=0.4873 loss_identity=0.4677 loss_D_A=0.1971 loss_D_B=0.2082 D_A_real=0.6022 D_A_fake=0.4198 D_B_real=0.5767 D_B_fake=0.4207 grad_norm_G=42.2703 grad_norm_D=5.7753 lr=0.000200 elapsed=4155s
iter=10450/24000 loss_G=7.3227 loss_G_adv=0.7024 loss_cycle=0.4509 loss_identity=0.4223 loss_D_A=0.2248 loss_D_B=0.2170 D_A_real=0.5548 D_A_fake=0.4311 D_B_real=0.5716 D_B_fake=0.4323 grad_norm_G=38.3950 grad_norm_D=5.0707 lr=0.000200 elapsed=4173s
iter=10500/24000 loss_G=7.8691 loss_G_adv=0.6718 loss_cycle=0.4872 loss_identity=0.4651 loss_D_A=0.2029 loss_D_B=0.2145 D_A_real=0.5767 D_A_fake=0.4091 D_B_real=0.5715 D_B_fake=0.4233 grad_norm_G=41.1139 grad_norm_D=5.7267 lr=0.000200 elapsed=4192s
EPOCH 35/80 epoch_sec=109.5 img_per_sec=5.48 nan=0 peak_mps_tensor_mb=409
iter=10550/24000 loss_G=7.9715 loss_G_adv=0.6799 loss_cycle=0.4945 loss_identity=0.4693 loss_D_A=0.2107 loss_D_B=0.2221 D_A_real=0.5780 D_A_fake=0.4151 D_B_real=0.5672 D_B_fake=0.4307 grad_norm_G=44.2877 grad_norm_D=5.7121 lr=0.000200 elapsed=4211s
iter=10600/24000 loss_G=7.9241 loss_G_adv=0.6752 loss_cycle=0.4904 loss_identity=0.4690 loss_D_A=0.2096 loss_D_B=0.2134 D_A_real=0.5871 D_A_fake=0.4303 D_B_real=0.5536 D_B_fake=0.4172 grad_norm_G=40.6364 grad_norm_D=5.5654 lr=0.000200 elapsed=4230s
iter=10650/24000 loss_G=7.6048 loss_G_adv=0.6110 loss_cycle=0.4729 loss_identity=0.4529 loss_D_A=0.2196 loss_D_B=0.2291 D_A_real=0.5530 D_A_fake=0.4223 D_B_real=0.5587 D_B_fake=0.4480 grad_norm_G=40.4130 grad_norm_D=4.9664 lr=0.000200 elapsed=4248s
iter=10700/24000 loss_G=8.0115 loss_G_adv=0.6776 loss_cycle=0.4980 loss_identity=0.4707 loss_D_A=0.2068 loss_D_B=0.2212 D_A_real=0.5909 D_A_fake=0.4261 D_B_real=0.5608 D_B_fake=0.4527 grad_norm_G=41.3752 grad_norm_D=4.7749 lr=0.000200 elapsed=4266s
iter=10750/24000 loss_G=7.5120 loss_G_adv=0.6918 loss_cycle=0.4614 loss_identity=0.4412 loss_D_A=0.2090 loss_D_B=0.2064 D_A_real=0.5808 D_A_fake=0.4104 D_B_real=0.5727 D_B_fake=0.4139 grad_norm_G=42.2386 grad_norm_D=4.8796 lr=0.000200 elapsed=4285s
iter=10800/24000 loss_G=7.5730 loss_G_adv=0.6776 loss_cycle=0.4673 loss_identity=0.4444 loss_D_A=0.2102 loss_D_B=0.2210 D_A_real=0.5722 D_A_fake=0.4184 D_B_real=0.5626 D_B_fake=0.4378 grad_norm_G=40.7687 grad_norm_D=4.6659 lr=0.000200 elapsed=4303s
EPOCH 36/80 epoch_sec=110.8 img_per_sec=5.42 nan=0 peak_mps_tensor_mb=409
iter=10850/24000 loss_G=7.6326 loss_G_adv=0.6672 loss_cycle=0.4704 loss_identity=0.4523 loss_D_A=0.1979 loss_D_B=0.2184 D_A_real=0.6016 D_A_fake=0.4101 D_B_real=0.5727 D_B_fake=0.4318 grad_norm_G=40.6763 grad_norm_D=5.5346 lr=0.000200 elapsed=4321s
iter=10900/24000 loss_G=7.8806 loss_G_adv=0.7190 loss_cycle=0.4884 loss_identity=0.4554 loss_D_A=0.1960 loss_D_B=0.2107 D_A_real=0.6147 D_A_fake=0.3867 D_B_real=0.5683 D_B_fake=0.4218 grad_norm_G=41.8437 grad_norm_D=5.5140 lr=0.000200 elapsed=4340s
iter=10950/24000 loss_G=7.5325 loss_G_adv=0.6876 loss_cycle=0.4624 loss_identity=0.4442 loss_D_A=0.1898 loss_D_B=0.2270 D_A_real=0.5957 D_A_fake=0.3863 D_B_real=0.5596 D_B_fake=0.4444 grad_norm_G=44.1908 grad_norm_D=5.1136 lr=0.000200 elapsed=4358s
iter=11000/24000 loss_G=7.9937 loss_G_adv=0.6795 loss_cycle=0.4939 loss_identity=0.4750 loss_D_A=0.2233 loss_D_B=0.2222 D_A_real=0.5575 D_A_fake=0.4419 D_B_real=0.5586 D_B_fake=0.4407 grad_norm_G=40.3025 grad_norm_D=5.5397 lr=0.000200 elapsed=4376s
iter=11050/24000 loss_G=8.1434 loss_G_adv=0.7155 loss_cycle=0.5014 loss_identity=0.4829 loss_D_A=0.2001 loss_D_B=0.2058 D_A_real=0.5878 D_A_fake=0.4036 D_B_real=0.5626 D_B_fake=0.4142 grad_norm_G=43.8055 grad_norm_D=5.4219 lr=0.000200 elapsed=4394s
iter=11100/24000 loss_G=7.3771 loss_G_adv=0.7551 loss_cycle=0.4464 loss_identity=0.4317 loss_D_A=0.1899 loss_D_B=0.1989 D_A_real=0.6126 D_A_fake=0.3995 D_B_real=0.5972 D_B_fake=0.3996 grad_norm_G=37.6181 grad_norm_D=5.9762 lr=0.000200 elapsed=4412s
EPOCH 37/80 epoch_sec=108.6 img_per_sec=5.53 nan=0 peak_mps_tensor_mb=409
iter=11150/24000 loss_G=7.9063 loss_G_adv=0.6877 loss_cycle=0.4908 loss_identity=0.4621 loss_D_A=0.2040 loss_D_B=0.2336 D_A_real=0.5834 D_A_fake=0.3876 D_B_real=0.5501 D_B_fake=0.4575 grad_norm_G=43.9839 grad_norm_D=6.2017 lr=0.000200 elapsed=4430s
iter=11200/24000 loss_G=7.9821 loss_G_adv=0.7046 loss_cycle=0.4936 loss_identity=0.4683 loss_D_A=0.2114 loss_D_B=0.2172 D_A_real=0.5836 D_A_fake=0.4348 D_B_real=0.5628 D_B_fake=0.4353 grad_norm_G=47.8302 grad_norm_D=6.3244 lr=0.000200 elapsed=4449s
iter=11250/24000 loss_G=8.0546 loss_G_adv=0.7388 loss_cycle=0.4959 loss_identity=0.4713 loss_D_A=0.2086 loss_D_B=0.2192 D_A_real=0.5680 D_A_fake=0.4163 D_B_real=0.5507 D_B_fake=0.4365 grad_norm_G=41.9477 grad_norm_D=5.5572 lr=0.000200 elapsed=4467s
iter=11300/24000 loss_G=7.6979 loss_G_adv=0.6997 loss_cycle=0.4757 loss_identity=0.4482 loss_D_A=0.2170 loss_D_B=0.1892 D_A_real=0.5731 D_A_fake=0.4234 D_B_real=0.6242 D_B_fake=0.4002 grad_norm_G=40.7138 grad_norm_D=5.7457 lr=0.000200 elapsed=4485s
iter=11350/24000 loss_G=8.1685 loss_G_adv=0.7201 loss_cycle=0.5035 loss_identity=0.4827 loss_D_A=0.1955 loss_D_B=0.2052 D_A_real=0.6059 D_A_fake=0.4062 D_B_real=0.5730 D_B_fake=0.4066 grad_norm_G=39.2896 grad_norm_D=5.4070 lr=0.000200 elapsed=4504s
iter=11400/24000 loss_G=7.8669 loss_G_adv=0.6713 loss_cycle=0.4842 loss_identity=0.4707 loss_D_A=0.2076 loss_D_B=0.2080 D_A_real=0.5770 D_A_fake=0.4129 D_B_real=0.5903 D_B_fake=0.4191 grad_norm_G=37.5345 grad_norm_D=5.8559 lr=0.000200 elapsed=4522s
EPOCH 38/80 epoch_sec=110.3 img_per_sec=5.44 nan=0 peak_mps_tensor_mb=409
iter=11450/24000 loss_G=7.6546 loss_G_adv=0.7332 loss_cycle=0.4662 loss_identity=0.4519 loss_D_A=0.2010 loss_D_B=0.2183 D_A_real=0.5927 D_A_fake=0.3997 D_B_real=0.5579 D_B_fake=0.4135 grad_norm_G=43.4192 grad_norm_D=5.2722 lr=0.000200 elapsed=4540s
iter=11500/24000 loss_G=7.2274 loss_G_adv=0.7065 loss_cycle=0.4394 loss_identity=0.4255 loss_D_A=0.2228 loss_D_B=0.2072 D_A_real=0.5576 D_A_fake=0.4368 D_B_real=0.5823 D_B_fake=0.4095 grad_norm_G=36.5606 grad_norm_D=5.4550 lr=0.000200 elapsed=4559s
iter=11550/24000 loss_G=6.9244 loss_G_adv=0.6503 loss_cycle=0.4206 loss_identity=0.4137 loss_D_A=0.2070 loss_D_B=0.2225 D_A_real=0.5809 D_A_fake=0.4313 D_B_real=0.5627 D_B_fake=0.4508 grad_norm_G=37.1364 grad_norm_D=5.4365 lr=0.000200 elapsed=4577s
iter=11600/24000 loss_G=7.8613 loss_G_adv=0.6847 loss_cycle=0.4841 loss_identity=0.4671 loss_D_A=0.2040 loss_D_B=0.2244 D_A_real=0.5929 D_A_fake=0.4120 D_B_real=0.5414 D_B_fake=0.4317 grad_norm_G=39.2386 grad_norm_D=5.1635 lr=0.000200 elapsed=4595s
iter=11650/24000 loss_G=7.4534 loss_G_adv=0.6932 loss_cycle=0.4578 loss_identity=0.4364 loss_D_A=0.2073 loss_D_B=0.2101 D_A_real=0.5764 D_A_fake=0.4084 D_B_real=0.5804 D_B_fake=0.4242 grad_norm_G=39.0720 grad_norm_D=5.4748 lr=0.000200 elapsed=4613s
iter=11700/24000 loss_G=7.5073 loss_G_adv=0.6906 loss_cycle=0.4600 loss_identity=0.4433 loss_D_A=0.2252 loss_D_B=0.1964 D_A_real=0.5492 D_A_fake=0.4498 D_B_real=0.5940 D_B_fake=0.4118 grad_norm_G=40.1038 grad_norm_D=5.5212 lr=0.000200 elapsed=4631s
EPOCH 39/80 epoch_sec=109.0 img_per_sec=5.51 nan=0 peak_mps_tensor_mb=409
iter=11750/24000 loss_G=7.3171 loss_G_adv=0.6504 loss_cycle=0.4465 loss_identity=0.4403 loss_D_A=0.2308 loss_D_B=0.2315 D_A_real=0.5506 D_A_fake=0.4519 D_B_real=0.5525 D_B_fake=0.4349 grad_norm_G=37.1398 grad_norm_D=5.4602 lr=0.000200 elapsed=4649s
iter=11800/24000 loss_G=7.4108 loss_G_adv=0.7064 loss_cycle=0.4500 loss_identity=0.4409 loss_D_A=0.1804 loss_D_B=0.2246 D_A_real=0.6302 D_A_fake=0.3734 D_B_real=0.5447 D_B_fake=0.4403 grad_norm_G=38.4774 grad_norm_D=4.3044 lr=0.000200 elapsed=4667s
iter=11850/24000 loss_G=7.4971 loss_G_adv=0.6594 loss_cycle=0.4621 loss_identity=0.4433 loss_D_A=0.2036 loss_D_B=0.1975 D_A_real=0.5877 D_A_fake=0.4111 D_B_real=0.5947 D_B_fake=0.4120 grad_norm_G=39.9013 grad_norm_D=4.8988 lr=0.000200 elapsed=4685s
iter=11900/24000 loss_G=7.5677 loss_G_adv=0.7131 loss_cycle=0.4642 loss_identity=0.4426 loss_D_A=0.2073 loss_D_B=0.2308 D_A_real=0.5892 D_A_fake=0.4019 D_B_real=0.5603 D_B_fake=0.4342 grad_norm_G=40.6882 grad_norm_D=5.2435 lr=0.000200 elapsed=4704s
iter=11950/24000 loss_G=6.8479 loss_G_adv=0.6845 loss_cycle=0.4152 loss_identity=0.4023 loss_D_A=0.2096 loss_D_B=0.2129 D_A_real=0.5848 D_A_fake=0.4202 D_B_real=0.5636 D_B_fake=0.4381 grad_norm_G=35.5961 grad_norm_D=4.5205 lr=0.000200 elapsed=4722s
iter=12000/24000 loss_G=8.0028 loss_G_adv=0.6864 loss_cycle=0.4931 loss_identity=0.4770 loss_D_A=0.2079 loss_D_B=0.2106 D_A_real=0.5728 D_A_fake=0.4091 D_B_real=0.5630 D_B_fake=0.4184 grad_norm_G=40.6461 grad_norm_D=5.1794 lr=0.000200 elapsed=4740s
EPOCH 40/80 epoch_sec=108.5 img_per_sec=5.53 nan=0 peak_mps_tensor_mb=409
iter=12050/24000 loss_G=7.1781 loss_G_adv=0.6439 loss_cycle=0.4413 loss_identity=0.4243 loss_D_A=0.1917 loss_D_B=0.2306 D_A_real=0.6069 D_A_fake=0.4080 D_B_real=0.5560 D_B_fake=0.4601 grad_norm_G=41.3065 grad_norm_D=4.9368 lr=0.000199 elapsed=4759s
iter=12100/24000 loss_G=7.2377 loss_G_adv=0.6902 loss_cycle=0.4405 loss_identity=0.4285 loss_D_A=0.2336 loss_D_B=0.2086 D_A_real=0.5431 D_A_fake=0.4389 D_B_real=0.5719 D_B_fake=0.4217 grad_norm_G=40.0737 grad_norm_D=5.1613 lr=0.000198 elapsed=4777s
iter=12150/24000 loss_G=7.5234 loss_G_adv=0.7073 loss_cycle=0.4592 loss_identity=0.4449 loss_D_A=0.2140 loss_D_B=0.1956 D_A_real=0.5568 D_A_fake=0.4249 D_B_real=0.5986 D_B_fake=0.3918 grad_norm_G=37.3248 grad_norm_D=5.1514 lr=0.000198 elapsed=4795s
iter=12200/24000 loss_G=7.8921 loss_G_adv=0.6585 loss_cycle=0.4924 loss_identity=0.4620 loss_D_A=0.2174 loss_D_B=0.1979 D_A_real=0.5735 D_A_fake=0.4405 D_B_real=0.6021 D_B_fake=0.4105 grad_norm_G=41.5379 grad_norm_D=5.0979 lr=0.000197 elapsed=4813s
iter=12250/24000 loss_G=7.4880 loss_G_adv=0.6403 loss_cycle=0.4624 loss_identity=0.4447 loss_D_A=0.2216 loss_D_B=0.2136 D_A_real=0.5544 D_A_fake=0.4485 D_B_real=0.5670 D_B_fake=0.4137 grad_norm_G=39.2317 grad_norm_D=4.7876 lr=0.000196 elapsed=4832s
iter=12300/24000 loss_G=7.9305 loss_G_adv=0.7389 loss_cycle=0.4860 loss_identity=0.4662 loss_D_A=0.2030 loss_D_B=0.2051 D_A_real=0.5872 D_A_fake=0.4152 D_B_real=0.5774 D_B_fake=0.4153 grad_norm_G=41.3358 grad_norm_D=5.9438 lr=0.000195 elapsed=4850s
EPOCH 41/80 epoch_sec=109.1 img_per_sec=5.50 nan=0 peak_mps_tensor_mb=409
iter=12350/24000 loss_G=7.3661 loss_G_adv=0.6926 loss_cycle=0.4496 loss_identity=0.4355 loss_D_A=0.2342 loss_D_B=0.2180 D_A_real=0.5343 D_A_fake=0.4521 D_B_real=0.5717 D_B_fake=0.4276 grad_norm_G=38.0813 grad_norm_D=5.1130 lr=0.000194 elapsed=4868s
iter=12400/24000 loss_G=7.6901 loss_G_adv=0.6472 loss_cycle=0.4767 loss_identity=0.4552 loss_D_A=0.2122 loss_D_B=0.2046 D_A_real=0.5695 D_A_fake=0.4317 D_B_real=0.5866 D_B_fake=0.4292 grad_norm_G=42.3813 grad_norm_D=4.5027 lr=0.000193 elapsed=4887s
iter=12450/24000 loss_G=7.4638 loss_G_adv=0.7794 loss_cycle=0.4512 loss_identity=0.4344 loss_D_A=0.1919 loss_D_B=0.2096 D_A_real=0.6095 D_A_fake=0.3909 D_B_real=0.5606 D_B_fake=0.4161 grad_norm_G=39.0411 grad_norm_D=4.8475 lr=0.000193 elapsed=4905s
iter=12500/24000 loss_G=8.0164 loss_G_adv=0.8305 loss_cycle=0.4849 loss_identity=0.4673 loss_D_A=0.1917 loss_D_B=0.1982 D_A_real=0.6150 D_A_fake=0.3860 D_B_real=0.6029 D_B_fake=0.4047 grad_norm_G=41.5559 grad_norm_D=5.4944 lr=0.000192 elapsed=4923s
iter=12550/24000 loss_G=7.6977 loss_G_adv=0.7430 loss_cycle=0.4659 loss_identity=0.4591 loss_D_A=0.2099 loss_D_B=0.2134 D_A_real=0.5751 D_A_fake=0.4096 D_B_real=0.5645 D_B_fake=0.4160 grad_norm_G=35.9399 grad_norm_D=5.4531 lr=0.000191 elapsed=4941s
iter=12600/24000 loss_G=7.5334 loss_G_adv=0.7502 loss_cycle=0.4577 loss_identity=0.4412 loss_D_A=0.1885 loss_D_B=0.2095 D_A_real=0.6021 D_A_fake=0.3978 D_B_real=0.5805 D_B_fake=0.4261 grad_norm_G=35.2491 grad_norm_D=5.2115 lr=0.000190 elapsed=4959s
EPOCH 42/80 epoch_sec=109.0 img_per_sec=5.50 nan=0 peak_mps_tensor_mb=409
iter=12650/24000 loss_G=7.7682 loss_G_adv=0.7257 loss_cycle=0.4721 loss_identity=0.4642 loss_D_A=0.2023 loss_D_B=0.1953 D_A_real=0.5914 D_A_fake=0.3946 D_B_real=0.5922 D_B_fake=0.4163 grad_norm_G=39.2221 grad_norm_D=5.2224 lr=0.000189 elapsed=4982s
iter=12700/24000 loss_G=7.0969 loss_G_adv=0.6778 loss_cycle=0.4355 loss_identity=0.4127 loss_D_A=0.2166 loss_D_B=0.2102 D_A_real=0.5796 D_A_fake=0.4430 D_B_real=0.5920 D_B_fake=0.4270 grad_norm_G=39.7103 grad_norm_D=5.8106 lr=0.000188 elapsed=5002s
iter=12750/24000 loss_G=7.4886 loss_G_adv=0.6695 loss_cycle=0.4594 loss_identity=0.4450 loss_D_A=0.2187 loss_D_B=0.2051 D_A_real=0.5528 D_A_fake=0.4297 D_B_real=0.5732 D_B_fake=0.4039 grad_norm_G=40.7636 grad_norm_D=5.1661 lr=0.000188 elapsed=5023s
iter=12800/24000 loss_G=7.8318 loss_G_adv=0.6928 loss_cycle=0.4812 loss_identity=0.4655 loss_D_A=0.2188 loss_D_B=0.2102 D_A_real=0.5522 D_A_fake=0.4319 D_B_real=0.5841 D_B_fake=0.4244 grad_norm_G=37.7896 grad_norm_D=5.2026 lr=0.000187 elapsed=5049s
iter=12850/24000 loss_G=7.1940 loss_G_adv=0.7025 loss_cycle=0.4349 loss_identity=0.4285 loss_D_A=0.2092 loss_D_B=0.1928 D_A_real=0.5862 D_A_fake=0.4267 D_B_real=0.6018 D_B_fake=0.3864 grad_norm_G=35.9479 grad_norm_D=5.3347 lr=0.000186 elapsed=5074s
iter=12900/24000 loss_G=7.5134 loss_G_adv=0.7021 loss_cycle=0.4643 loss_identity=0.4336 loss_D_A=0.2110 loss_D_B=0.2123 D_A_real=0.5830 D_A_fake=0.4199 D_B_real=0.5742 D_B_fake=0.4359 grad_norm_G=40.0451 grad_norm_D=5.6421 lr=0.000185 elapsed=5097s
EPOCH 43/80 epoch_sec=137.8 img_per_sec=4.36 nan=0 peak_mps_tensor_mb=409
iter=12950/24000 loss_G=7.4278 loss_G_adv=0.6207 loss_cycle=0.4550 loss_identity=0.4515 loss_D_A=0.2010 loss_D_B=0.2183 D_A_real=0.5938 D_A_fake=0.4114 D_B_real=0.5560 D_B_fake=0.4259 grad_norm_G=36.2839 grad_norm_D=5.1235 lr=0.000184 elapsed=5115s
iter=13000/24000 loss_G=7.1605 loss_G_adv=0.6595 loss_cycle=0.4363 loss_identity=0.4276 loss_D_A=0.2386 loss_D_B=0.2393 D_A_real=0.5249 D_A_fake=0.4535 D_B_real=0.5474 D_B_fake=0.4704 grad_norm_G=36.4885 grad_norm_D=4.9878 lr=0.000183 elapsed=5133s
iter=13050/24000 loss_G=7.5878 loss_G_adv=0.6356 loss_cycle=0.4660 loss_identity=0.4585 loss_D_A=0.2100 loss_D_B=0.2457 D_A_real=0.5657 D_A_fake=0.4283 D_B_real=0.5060 D_B_fake=0.4581 grad_norm_G=39.6390 grad_norm_D=4.6922 lr=0.000182 elapsed=5151s
iter=13100/24000 loss_G=7.4850 loss_G_adv=0.7097 loss_cycle=0.4622 loss_identity=0.4307 loss_D_A=0.1996 loss_D_B=0.2238 D_A_real=0.5971 D_A_fake=0.4171 D_B_real=0.5398 D_B_fake=0.4484 grad_norm_G=39.3713 grad_norm_D=4.6664 lr=0.000182 elapsed=5169s
iter=13150/24000 loss_G=7.1461 loss_G_adv=0.6458 loss_cycle=0.4377 loss_identity=0.4247 loss_D_A=0.1961 loss_D_B=0.2133 D_A_real=0.5986 D_A_fake=0.4107 D_B_real=0.5855 D_B_fake=0.4329 grad_norm_G=35.5027 grad_norm_D=5.4341 lr=0.000181 elapsed=5188s
iter=13200/24000 loss_G=7.2796 loss_G_adv=0.6584 loss_cycle=0.4437 loss_identity=0.4369 loss_D_A=0.2321 loss_D_B=0.2282 D_A_real=0.5518 D_A_fake=0.4350 D_B_real=0.5429 D_B_fake=0.4502 grad_norm_G=38.2335 grad_norm_D=5.5485 lr=0.000180 elapsed=5206s
EPOCH 44/80 epoch_sec=109.6 img_per_sec=5.48 nan=0 peak_mps_tensor_mb=409
iter=13250/24000 loss_G=7.5380 loss_G_adv=0.6868 loss_cycle=0.4613 loss_identity=0.4476 loss_D_A=0.2049 loss_D_B=0.2146 D_A_real=0.5676 D_A_fake=0.4192 D_B_real=0.5678 D_B_fake=0.4228 grad_norm_G=40.3227 grad_norm_D=4.8905 lr=0.000179 elapsed=5224s
iter=13300/24000 loss_G=7.3413 loss_G_adv=0.7139 loss_cycle=0.4451 loss_identity=0.4353 loss_D_A=0.1987 loss_D_B=0.2327 D_A_real=0.6109 D_A_fake=0.3990 D_B_real=0.5410 D_B_fake=0.4628 grad_norm_G=38.3620 grad_norm_D=5.1820 lr=0.000178 elapsed=5242s
iter=13350/24000 loss_G=7.0900 loss_G_adv=0.6102 loss_cycle=0.4394 loss_identity=0.4172 loss_D_A=0.2103 loss_D_B=0.2266 D_A_real=0.5516 D_A_fake=0.4153 D_B_real=0.5526 D_B_fake=0.4570 grad_norm_G=35.4089 grad_norm_D=5.0406 lr=0.000178 elapsed=5260s
iter=13400/24000 loss_G=7.4457 loss_G_adv=0.6584 loss_cycle=0.4566 loss_identity=0.4444 loss_D_A=0.1989 loss_D_B=0.2420 D_A_real=0.6069 D_A_fake=0.4211 D_B_real=0.5180 D_B_fake=0.4485 grad_norm_G=39.3165 grad_norm_D=5.9661 lr=0.000177 elapsed=5279s
iter=13450/24000 loss_G=7.0812 loss_G_adv=0.6146 loss_cycle=0.4316 loss_identity=0.4301 loss_D_A=0.2081 loss_D_B=0.2381 D_A_real=0.5927 D_A_fake=0.4118 D_B_real=0.5316 D_B_fake=0.4781 grad_norm_G=36.7671 grad_norm_D=4.6069 lr=0.000176 elapsed=5297s
iter=13500/24000 loss_G=7.0105 loss_G_adv=0.6478 loss_cycle=0.4297 loss_identity=0.4132 loss_D_A=0.2137 loss_D_B=0.2294 D_A_real=0.5634 D_A_fake=0.4313 D_B_real=0.5419 D_B_fake=0.4570 grad_norm_G=35.6657 grad_norm_D=4.9447 lr=0.000175 elapsed=5315s
EPOCH 45/80 epoch_sec=108.8 img_per_sec=5.51 nan=0 peak_mps_tensor_mb=409
iter=13550/24000 loss_G=7.2090 loss_G_adv=0.6684 loss_cycle=0.4401 loss_identity=0.4279 loss_D_A=0.2031 loss_D_B=0.2370 D_A_real=0.5701 D_A_fake=0.4062 D_B_real=0.5292 D_B_fake=0.4714 grad_norm_G=34.4760 grad_norm_D=4.7742 lr=0.000174 elapsed=5335s
iter=13600/24000 loss_G=7.1691 loss_G_adv=0.5743 loss_cycle=0.4402 loss_identity=0.4386 loss_D_A=0.2246 loss_D_B=0.2280 D_A_real=0.5633 D_A_fake=0.4520 D_B_real=0.5430 D_B_fake=0.4602 grad_norm_G=34.6825 grad_norm_D=4.2207 lr=0.000173 elapsed=5353s
iter=13650/24000 loss_G=7.0606 loss_G_adv=0.6496 loss_cycle=0.4293 loss_identity=0.4235 loss_D_A=0.2103 loss_D_B=0.2422 D_A_real=0.5826 D_A_fake=0.4172 D_B_real=0.5289 D_B_fake=0.4679 grad_norm_G=39.1976 grad_norm_D=4.7112 lr=0.000173 elapsed=5371s
iter=13700/24000 loss_G=7.6276 loss_G_adv=0.6560 loss_cycle=0.4683 loss_identity=0.4578 loss_D_A=0.2042 loss_D_B=0.2378 D_A_real=0.5918 D_A_fake=0.4117 D_B_real=0.5261 D_B_fake=0.4770 grad_norm_G=40.1243 grad_norm_D=4.5765 lr=0.000172 elapsed=5390s
iter=13750/24000 loss_G=7.2775 loss_G_adv=0.6238 loss_cycle=0.4417 loss_identity=0.4473 loss_D_A=0.2203 loss_D_B=0.2392 D_A_real=0.5733 D_A_fake=0.4253 D_B_real=0.5126 D_B_fake=0.4630 grad_norm_G=37.3394 grad_norm_D=4.2037 lr=0.000171 elapsed=5408s
iter=13800/24000 loss_G=6.9660 loss_G_adv=0.6262 loss_cycle=0.4252 loss_identity=0.4176 loss_D_A=0.2238 loss_D_B=0.2231 D_A_real=0.5358 D_A_fake=0.4442 D_B_real=0.5522 D_B_fake=0.4625 grad_norm_G=37.8565 grad_norm_D=4.0328 lr=0.000170 elapsed=5426s
EPOCH 46/80 epoch_sec=109.6 img_per_sec=5.48 nan=0 peak_mps_tensor_mb=409
iter=13850/24000 loss_G=7.4545 loss_G_adv=0.6172 loss_cycle=0.4622 loss_identity=0.4431 loss_D_A=0.2267 loss_D_B=0.2224 D_A_real=0.5605 D_A_fake=0.4502 D_B_real=0.5606 D_B_fake=0.4459 grad_norm_G=38.8378 grad_norm_D=4.5734 lr=0.000169 elapsed=5444s
iter=13900/24000 loss_G=7.2178 loss_G_adv=0.6211 loss_cycle=0.4450 loss_identity=0.4294 loss_D_A=0.2250 loss_D_B=0.2189 D_A_real=0.5498 D_A_fake=0.4383 D_B_real=0.5485 D_B_fake=0.4431 grad_norm_G=37.1884 grad_norm_D=4.0512 lr=0.000168 elapsed=5462s
iter=13950/24000 loss_G=7.7101 loss_G_adv=0.5679 loss_cycle=0.4792 loss_identity=0.4700 loss_D_A=0.2345 loss_D_B=0.2339 D_A_real=0.5404 D_A_fake=0.4631 D_B_real=0.5371 D_B_fake=0.4622 grad_norm_G=39.2078 grad_norm_D=4.4784 lr=0.000168 elapsed=5480s
iter=14000/24000 loss_G=6.9986 loss_G_adv=0.6113 loss_cycle=0.4328 loss_identity=0.4118 loss_D_A=0.2174 loss_D_B=0.2329 D_A_real=0.5558 D_A_fake=0.4277 D_B_real=0.5446 D_B_fake=0.4590 grad_norm_G=38.4041 grad_norm_D=4.1260 lr=0.000167 elapsed=5499s
iter=14050/24000 loss_G=7.2077 loss_G_adv=0.6440 loss_cycle=0.4428 loss_identity=0.4271 loss_D_A=0.2133 loss_D_B=0.2234 D_A_real=0.5796 D_A_fake=0.4383 D_B_real=0.5450 D_B_fake=0.4445 grad_norm_G=37.0985 grad_norm_D=4.6822 lr=0.000166 elapsed=5517s
iter=14100/24000 loss_G=7.4581 loss_G_adv=0.6722 loss_cycle=0.4541 loss_identity=0.4491 loss_D_A=0.2313 loss_D_B=0.2249 D_A_real=0.5398 D_A_fake=0.4485 D_B_real=0.5461 D_B_fake=0.4480 grad_norm_G=39.9335 grad_norm_D=4.6444 lr=0.000165 elapsed=5535s
EPOCH 47/80 epoch_sec=109.2 img_per_sec=5.49 nan=0 peak_mps_tensor_mb=409
iter=14150/24000 loss_G=7.7556 loss_G_adv=0.6437 loss_cycle=0.4803 loss_identity=0.4617 loss_D_A=0.2136 loss_D_B=0.2245 D_A_real=0.5724 D_A_fake=0.4396 D_B_real=0.5443 D_B_fake=0.4485 grad_norm_G=40.4143 grad_norm_D=5.0864 lr=0.000164 elapsed=5553s
iter=14200/24000 loss_G=7.0872 loss_G_adv=0.6792 loss_cycle=0.4321 loss_identity=0.4174 loss_D_A=0.2231 loss_D_B=0.2318 D_A_real=0.5496 D_A_fake=0.4310 D_B_real=0.5463 D_B_fake=0.4599 grad_norm_G=35.9648 grad_norm_D=4.4310 lr=0.000163 elapsed=5572s
iter=14250/24000 loss_G=7.0629 loss_G_adv=0.6457 loss_cycle=0.4323 loss_identity=0.4189 loss_D_A=0.2321 loss_D_B=0.2227 D_A_real=0.5462 D_A_fake=0.4550 D_B_real=0.5563 D_B_fake=0.4494 grad_norm_G=37.1867 grad_norm_D=4.6878 lr=0.000163 elapsed=5590s
iter=14300/24000 loss_G=7.2772 loss_G_adv=0.6860 loss_cycle=0.4423 loss_identity=0.4336 loss_D_A=0.2094 loss_D_B=0.2165 D_A_real=0.5569 D_A_fake=0.4282 D_B_real=0.5627 D_B_fake=0.4381 grad_norm_G=38.0898 grad_norm_D=4.5272 lr=0.000162 elapsed=5608s
iter=14350/24000 loss_G=6.6133 loss_G_adv=0.7023 loss_cycle=0.3951 loss_identity=0.3920 loss_D_A=0.1975 loss_D_B=0.2153 D_A_real=0.6028 D_A_fake=0.4162 D_B_real=0.5550 D_B_fake=0.4371 grad_norm_G=32.1119 grad_norm_D=4.6609 lr=0.000161 elapsed=5626s
iter=14400/24000 loss_G=7.4137 loss_G_adv=0.6444 loss_cycle=0.4542 loss_identity=0.4454 loss_D_A=0.2122 loss_D_B=0.2321 D_A_real=0.5858 D_A_fake=0.4117 D_B_real=0.5504 D_B_fake=0.4417 grad_norm_G=39.7304 grad_norm_D=5.2304 lr=0.000160 elapsed=5645s
EPOCH 48/80 epoch_sec=109.7 img_per_sec=5.47 nan=0 peak_mps_tensor_mb=409
iter=14450/24000 loss_G=6.5335 loss_G_adv=0.6850 loss_cycle=0.3941 loss_identity=0.3814 loss_D_A=0.2282 loss_D_B=0.2234 D_A_real=0.5542 D_A_fake=0.4522 D_B_real=0.5482 D_B_fake=0.4400 grad_norm_G=36.7633 grad_norm_D=4.7582 lr=0.000159 elapsed=5663s
iter=14500/24000 loss_G=6.9779 loss_G_adv=0.6173 loss_cycle=0.4272 loss_identity=0.4178 loss_D_A=0.2234 loss_D_B=0.2262 D_A_real=0.5386 D_A_fake=0.4344 D_B_real=0.5483 D_B_fake=0.4480 grad_norm_G=38.5778 grad_norm_D=5.0942 lr=0.000158 elapsed=5681s
iter=14550/24000 loss_G=7.2883 loss_G_adv=0.5937 loss_cycle=0.4496 loss_identity=0.4396 loss_D_A=0.2344 loss_D_B=0.2295 D_A_real=0.5475 D_A_fake=0.4611 D_B_real=0.5457 D_B_fake=0.4666 grad_norm_G=36.2499 grad_norm_D=4.6959 lr=0.000158 elapsed=5699s
iter=14600/24000 loss_G=6.7780 loss_G_adv=0.6503 loss_cycle=0.4117 loss_identity=0.4022 loss_D_A=0.2117 loss_D_B=0.2270 D_A_real=0.5631 D_A_fake=0.4294 D_B_real=0.5291 D_B_fake=0.4475 grad_norm_G=36.0946 grad_norm_D=4.2563 lr=0.000157 elapsed=5718s
iter=14650/24000 loss_G=7.2487 loss_G_adv=0.7107 loss_cycle=0.4373 loss_identity=0.4331 loss_D_A=0.2139 loss_D_B=0.2203 D_A_real=0.5670 D_A_fake=0.4218 D_B_real=0.5603 D_B_fake=0.4558 grad_norm_G=35.1444 grad_norm_D=5.0633 lr=0.000156 elapsed=5736s
iter=14700/24000 loss_G=6.6840 loss_G_adv=0.6315 loss_cycle=0.4053 loss_identity=0.3998 loss_D_A=0.2242 loss_D_B=0.2297 D_A_real=0.5554 D_A_fake=0.4455 D_B_real=0.5397 D_B_fake=0.4477 grad_norm_G=34.6196 grad_norm_D=4.9260 lr=0.000155 elapsed=5754s
EPOCH 49/80 epoch_sec=109.8 img_per_sec=5.47 nan=0 peak_mps_tensor_mb=409
iter=14750/24000 loss_G=6.8355 loss_G_adv=0.6028 loss_cycle=0.4206 loss_identity=0.4053 loss_D_A=0.2190 loss_D_B=0.2207 D_A_real=0.5681 D_A_fake=0.4334 D_B_real=0.5495 D_B_fake=0.4501 grad_norm_G=38.0867 grad_norm_D=3.7299 lr=0.000154 elapsed=5773s
iter=14800/24000 loss_G=7.1878 loss_G_adv=0.6457 loss_cycle=0.4418 loss_identity=0.4247 loss_D_A=0.2292 loss_D_B=0.2233 D_A_real=0.5418 D_A_fake=0.4527 D_B_real=0.5480 D_B_fake=0.4499 grad_norm_G=38.5574 grad_norm_D=3.9371 lr=0.000153 elapsed=5791s
iter=14850/24000 loss_G=7.2118 loss_G_adv=0.6791 loss_cycle=0.4405 loss_identity=0.4256 loss_D_A=0.2182 loss_D_B=0.2037 D_A_real=0.5593 D_A_fake=0.4369 D_B_real=0.5838 D_B_fake=0.4274 grad_norm_G=38.8336 grad_norm_D=4.3953 lr=0.000152 elapsed=5809s
iter=14900/24000 loss_G=7.0329 loss_G_adv=0.6225 loss_cycle=0.4313 loss_identity=0.4194 loss_D_A=0.2197 loss_D_B=0.2184 D_A_real=0.5572 D_A_fake=0.4452 D_B_real=0.5606 D_B_fake=0.4292 grad_norm_G=36.3563 grad_norm_D=5.1423 lr=0.000152 elapsed=5828s
iter=14950/24000 loss_G=7.0396 loss_G_adv=0.6784 loss_cycle=0.4301 loss_identity=0.4120 loss_D_A=0.2127 loss_D_B=0.2062 D_A_real=0.5573 D_A_fake=0.4241 D_B_real=0.5908 D_B_fake=0.4160 grad_norm_G=38.0159 grad_norm_D=4.3947 lr=0.000151 elapsed=5847s
iter=15000/24000 loss_G=7.0869 loss_G_adv=0.7011 loss_cycle=0.4265 loss_identity=0.4241 loss_D_A=0.2173 loss_D_B=0.2282 D_A_real=0.5664 D_A_fake=0.4393 D_B_real=0.5437 D_B_fake=0.4412 grad_norm_G=39.8665 grad_norm_D=5.0124 lr=0.000150 elapsed=5865s
EPOCH 50/80 epoch_sec=110.6 img_per_sec=5.43 nan=0 peak_mps_tensor_mb=409
iter=15050/24000 loss_G=7.5670 loss_G_adv=0.7298 loss_cycle=0.4615 loss_identity=0.4444 loss_D_A=0.2011 loss_D_B=0.2142 D_A_real=0.5985 D_A_fake=0.4100 D_B_real=0.5709 D_B_fake=0.4296 grad_norm_G=41.3550 grad_norm_D=5.2084 lr=0.000149 elapsed=5885s
iter=15100/24000 loss_G=7.1042 loss_G_adv=0.6279 loss_cycle=0.4355 loss_identity=0.4243 loss_D_A=0.2210 loss_D_B=0.2248 D_A_real=0.5600 D_A_fake=0.4458 D_B_real=0.5505 D_B_fake=0.4481 grad_norm_G=39.4696 grad_norm_D=4.7314 lr=0.000148 elapsed=5903s
iter=15150/24000 loss_G=7.0915 loss_G_adv=0.6474 loss_cycle=0.4313 loss_identity=0.4262 loss_D_A=0.2202 loss_D_B=0.2259 D_A_real=0.5605 D_A_fake=0.4267 D_B_real=0.5561 D_B_fake=0.4494 grad_norm_G=38.7574 grad_norm_D=4.6832 lr=0.000148 elapsed=5922s
iter=15200/24000 loss_G=6.6360 loss_G_adv=0.6495 loss_cycle=0.4012 loss_identity=0.3949 loss_D_A=0.2111 loss_D_B=0.2234 D_A_real=0.5727 D_A_fake=0.4312 D_B_real=0.5497 D_B_fake=0.4498 grad_norm_G=35.4693 grad_norm_D=4.4548 lr=0.000147 elapsed=5940s
iter=15250/24000 loss_G=6.9491 loss_G_adv=0.6319 loss_cycle=0.4249 loss_identity=0.4137 loss_D_A=0.2290 loss_D_B=0.2333 D_A_real=0.5479 D_A_fake=0.4465 D_B_real=0.5329 D_B_fake=0.4620 grad_norm_G=37.4044 grad_norm_D=5.0962 lr=0.000146 elapsed=5958s
iter=15300/24000 loss_G=7.0796 loss_G_adv=0.6991 loss_cycle=0.4289 loss_identity=0.4184 loss_D_A=0.1996 loss_D_B=0.2181 D_A_real=0.5880 D_A_fake=0.4159 D_B_real=0.5461 D_B_fake=0.4379 grad_norm_G=38.3329 grad_norm_D=4.2327 lr=0.000145 elapsed=5976s
EPOCH 51/80 epoch_sec=110.3 img_per_sec=5.44 nan=0 peak_mps_tensor_mb=409
iter=15350/24000 loss_G=7.1169 loss_G_adv=0.6478 loss_cycle=0.4330 loss_identity=0.4279 loss_D_A=0.2102 loss_D_B=0.2150 D_A_real=0.5716 D_A_fake=0.4215 D_B_real=0.5726 D_B_fake=0.4436 grad_norm_G=39.8329 grad_norm_D=4.9673 lr=0.000144 elapsed=5995s
iter=15400/24000 loss_G=7.2631 loss_G_adv=0.6339 loss_cycle=0.4433 loss_identity=0.4392 loss_D_A=0.2424 loss_D_B=0.2218 D_A_real=0.5309 D_A_fake=0.4624 D_B_real=0.5499 D_B_fake=0.4330 grad_norm_G=37.9795 grad_norm_D=4.7665 lr=0.000143 elapsed=6013s
iter=15450/24000 loss_G=7.3187 loss_G_adv=0.6213 loss_cycle=0.4505 loss_identity=0.4384 loss_D_A=0.2144 loss_D_B=0.2043 D_A_real=0.5642 D_A_fake=0.4498 D_B_real=0.5893 D_B_fake=0.4411 grad_norm_G=39.3280 grad_norm_D=4.1986 lr=0.000143 elapsed=6031s
iter=15500/24000 loss_G=7.2494 loss_G_adv=0.6468 loss_cycle=0.4418 loss_identity=0.4369 loss_D_A=0.2293 loss_D_B=0.2178 D_A_real=0.5363 D_A_fake=0.4481 D_B_real=0.5514 D_B_fake=0.4233 grad_norm_G=39.3684 grad_norm_D=5.1476 lr=0.000142 elapsed=6050s
iter=15550/24000 loss_G=7.0676 loss_G_adv=0.6609 loss_cycle=0.4311 loss_identity=0.4192 loss_D_A=0.2163 loss_D_B=0.2180 D_A_real=0.5535 D_A_fake=0.4299 D_B_real=0.5636 D_B_fake=0.4276 grad_norm_G=40.4888 grad_norm_D=4.8795 lr=0.000141 elapsed=6068s
iter=15600/24000 loss_G=6.6624 loss_G_adv=0.6002 loss_cycle=0.4064 loss_identity=0.3997 loss_D_A=0.2373 loss_D_B=0.2116 D_A_real=0.5363 D_A_fake=0.4647 D_B_real=0.5828 D_B_fake=0.4337 grad_norm_G=36.4477 grad_norm_D=4.7066 lr=0.000140 elapsed=6087s
EPOCH 52/80 epoch_sec=110.5 img_per_sec=5.43 nan=0 peak_mps_tensor_mb=409
iter=15650/24000 loss_G=7.0854 loss_G_adv=0.6326 loss_cycle=0.4382 loss_identity=0.4141 loss_D_A=0.2125 loss_D_B=0.2392 D_A_real=0.5605 D_A_fake=0.4299 D_B_real=0.5325 D_B_fake=0.4520 grad_norm_G=41.7581 grad_norm_D=5.3632 lr=0.000139 elapsed=6105s
iter=15700/24000 loss_G=6.8180 loss_G_adv=0.7119 loss_cycle=0.4079 loss_identity=0.4054 loss_D_A=0.2141 loss_D_B=0.2215 D_A_real=0.5790 D_A_fake=0.4283 D_B_real=0.5478 D_B_fake=0.4453 grad_norm_G=35.7451 grad_norm_D=5.3750 lr=0.000138 elapsed=6123s
iter=15750/24000 loss_G=6.9348 loss_G_adv=0.6355 loss_cycle=0.4269 loss_identity=0.4061 loss_D_A=0.2054 loss_D_B=0.2165 D_A_real=0.5839 D_A_fake=0.4265 D_B_real=0.5695 D_B_fake=0.4339 grad_norm_G=39.9414 grad_norm_D=4.6990 lr=0.000138 elapsed=6141s
iter=15800/24000 loss_G=6.7928 loss_G_adv=0.6764 loss_cycle=0.4140 loss_identity=0.3952 loss_D_A=0.2050 loss_D_B=0.2182 D_A_real=0.5878 D_A_fake=0.4188 D_B_real=0.5507 D_B_fake=0.4376 grad_norm_G=39.7802 grad_norm_D=4.6799 lr=0.000137 elapsed=6159s
iter=15850/24000 loss_G=7.0053 loss_G_adv=0.6830 loss_cycle=0.4255 loss_identity=0.4136 loss_D_A=0.2212 loss_D_B=0.2150 D_A_real=0.5477 D_A_fake=0.4429 D_B_real=0.5671 D_B_fake=0.4433 grad_norm_G=40.4742 grad_norm_D=4.3181 lr=0.000136 elapsed=6177s
iter=15900/24000 loss_G=7.4307 loss_G_adv=0.6753 loss_cycle=0.4550 loss_identity=0.4410 loss_D_A=0.2159 loss_D_B=0.2238 D_A_real=0.5576 D_A_fake=0.4298 D_B_real=0.5664 D_B_fake=0.4407 grad_norm_G=37.5880 grad_norm_D=4.7782 lr=0.000135 elapsed=6195s
EPOCH 53/80 epoch_sec=108.6 img_per_sec=5.52 nan=0 peak_mps_tensor_mb=409
iter=15950/24000 loss_G=6.6480 loss_G_adv=0.6328 loss_cycle=0.4030 loss_identity=0.3970 loss_D_A=0.2093 loss_D_B=0.2159 D_A_real=0.5710 D_A_fake=0.4327 D_B_real=0.5595 D_B_fake=0.4390 grad_norm_G=35.8013 grad_norm_D=4.7406 lr=0.000134 elapsed=6213s
iter=16000/24000 loss_G=6.8513 loss_G_adv=0.6778 loss_cycle=0.4140 loss_identity=0.4067 loss_D_A=0.2162 loss_D_B=0.2198 D_A_real=0.5689 D_A_fake=0.4270 D_B_real=0.5676 D_B_fake=0.4502 grad_norm_G=40.4119 grad_norm_D=5.1514 lr=0.000133 elapsed=6232s
iter=16050/24000 loss_G=7.1710 loss_G_adv=0.6531 loss_cycle=0.4388 loss_identity=0.4260 loss_D_A=0.2186 loss_D_B=0.2292 D_A_real=0.5658 D_A_fake=0.4451 D_B_real=0.5359 D_B_fake=0.4554 grad_norm_G=34.9969 grad_norm_D=4.6245 lr=0.000132 elapsed=6250s
iter=16100/24000 loss_G=6.6695 loss_G_adv=0.6200 loss_cycle=0.4029 loss_identity=0.4041 loss_D_A=0.2212 loss_D_B=0.2283 D_A_real=0.5700 D_A_fake=0.4390 D_B_real=0.5545 D_B_fake=0.4563 grad_norm_G=36.5039 grad_norm_D=4.8405 lr=0.000132 elapsed=6268s
iter=16150/24000 loss_G=7.0524 loss_G_adv=0.6591 loss_cycle=0.4254 loss_identity=0.4279 loss_D_A=0.2256 loss_D_B=0.2350 D_A_real=0.5429 D_A_fake=0.4412 D_B_real=0.5182 D_B_fake=0.4374 grad_norm_G=36.3088 grad_norm_D=4.5228 lr=0.000131 elapsed=6287s
iter=16200/24000 loss_G=7.0325 loss_G_adv=0.6555 loss_cycle=0.4316 loss_identity=0.4122 loss_D_A=0.2036 loss_D_B=0.2262 D_A_real=0.5810 D_A_fake=0.4227 D_B_real=0.5492 D_B_fake=0.4547 grad_norm_G=38.4924 grad_norm_D=4.3322 lr=0.000130 elapsed=6305s
EPOCH 54/80 epoch_sec=109.2 img_per_sec=5.49 nan=0 peak_mps_tensor_mb=409
iter=16250/24000 loss_G=7.4033 loss_G_adv=0.6351 loss_cycle=0.4516 loss_identity=0.4505 loss_D_A=0.2187 loss_D_B=0.2212 D_A_real=0.5688 D_A_fake=0.4314 D_B_real=0.5552 D_B_fake=0.4537 grad_norm_G=39.2320 grad_norm_D=4.7808 lr=0.000129 elapsed=6323s
iter=16300/24000 loss_G=6.6075 loss_G_adv=0.6538 loss_cycle=0.4020 loss_identity=0.3868 loss_D_A=0.2224 loss_D_B=0.2171 D_A_real=0.5568 D_A_fake=0.4441 D_B_real=0.5681 D_B_fake=0.4442 grad_norm_G=39.1706 grad_norm_D=4.6691 lr=0.000128 elapsed=6341s
iter=16350/24000 loss_G=7.3288 loss_G_adv=0.6915 loss_cycle=0.4465 loss_identity=0.4345 loss_D_A=0.2089 loss_D_B=0.2334 D_A_real=0.5852 D_A_fake=0.4257 D_B_real=0.5258 D_B_fake=0.4481 grad_norm_G=36.1314 grad_norm_D=4.6369 lr=0.000128 elapsed=6360s
iter=16400/24000 loss_G=7.3686 loss_G_adv=0.6796 loss_cycle=0.4471 loss_identity=0.4435 loss_D_A=0.2203 loss_D_B=0.2170 D_A_real=0.5576 D_A_fake=0.4190 D_B_real=0.5720 D_B_fake=0.4360 grad_norm_G=40.7162 grad_norm_D=4.7924 lr=0.000127 elapsed=6378s
iter=16450/24000 loss_G=6.6768 loss_G_adv=0.5973 loss_cycle=0.4054 loss_identity=0.4052 loss_D_A=0.2124 loss_D_B=0.2308 D_A_real=0.5661 D_A_fake=0.4352 D_B_real=0.5397 D_B_fake=0.4573 grad_norm_G=36.8812 grad_norm_D=4.8554 lr=0.000126 elapsed=6396s
iter=16500/24000 loss_G=6.6398 loss_G_adv=0.6568 loss_cycle=0.4034 loss_identity=0.3898 loss_D_A=0.2239 loss_D_B=0.2271 D_A_real=0.5711 D_A_fake=0.4499 D_B_real=0.5503 D_B_fake=0.4599 grad_norm_G=34.5624 grad_norm_D=4.5982 lr=0.000125 elapsed=6414s
EPOCH 55/80 epoch_sec=109.3 img_per_sec=5.49 nan=0 peak_mps_tensor_mb=409
iter=16550/24000 loss_G=7.3927 loss_G_adv=0.6512 loss_cycle=0.4529 loss_identity=0.4425 loss_D_A=0.2184 loss_D_B=0.2220 D_A_real=0.5451 D_A_fake=0.4424 D_B_real=0.5601 D_B_fake=0.4416 grad_norm_G=39.5593 grad_norm_D=4.8444 lr=0.000124 elapsed=6434s
iter=16600/24000 loss_G=7.2199 loss_G_adv=0.6737 loss_cycle=0.4375 loss_identity=0.4342 loss_D_A=0.2136 loss_D_B=0.2203 D_A_real=0.5507 D_A_fake=0.4199 D_B_real=0.5400 D_B_fake=0.4367 grad_norm_G=42.0280 grad_norm_D=4.7959 lr=0.000123 elapsed=6452s
iter=16650/24000 loss_G=6.5074 loss_G_adv=0.6331 loss_cycle=0.3910 loss_identity=0.3929 loss_D_A=0.2248 loss_D_B=0.2297 D_A_real=0.5630 D_A_fake=0.4515 D_B_real=0.5411 D_B_fake=0.4658 grad_norm_G=35.7018 grad_norm_D=4.8552 lr=0.000123 elapsed=6470s
iter=16700/24000 loss_G=6.8944 loss_G_adv=0.6220 loss_cycle=0.4238 loss_identity=0.4068 loss_D_A=0.2146 loss_D_B=0.2162 D_A_real=0.5704 D_A_fake=0.4272 D_B_real=0.5472 D_B_fake=0.4426 grad_norm_G=37.9735 grad_norm_D=4.4244 lr=0.000122 elapsed=6488s
iter=16750/24000 loss_G=6.9011 loss_G_adv=0.6692 loss_cycle=0.4186 loss_identity=0.4091 loss_D_A=0.2082 loss_D_B=0.2262 D_A_real=0.5802 D_A_fake=0.4237 D_B_real=0.5531 D_B_fake=0.4481 grad_norm_G=38.2809 grad_norm_D=4.7534 lr=0.000121 elapsed=6506s
iter=16800/24000 loss_G=6.8589 loss_G_adv=0.6325 loss_cycle=0.4151 loss_identity=0.4150 loss_D_A=0.2226 loss_D_B=0.2220 D_A_real=0.5473 D_A_fake=0.4271 D_B_real=0.5616 D_B_fake=0.4526 grad_norm_G=38.3513 grad_norm_D=4.7873 lr=0.000120 elapsed=6524s
EPOCH 56/80 epoch_sec=109.3 img_per_sec=5.49 nan=0 peak_mps_tensor_mb=409
iter=16850/24000 loss_G=6.7405 loss_G_adv=0.6181 loss_cycle=0.4104 loss_identity=0.4037 loss_D_A=0.2399 loss_D_B=0.2270 D_A_real=0.5312 D_A_fake=0.4616 D_B_real=0.5423 D_B_fake=0.4357 grad_norm_G=37.4719 grad_norm_D=4.7544 lr=0.000119 elapsed=6543s
iter=16900/24000 loss_G=6.9144 loss_G_adv=0.6516 loss_cycle=0.4194 loss_identity=0.4137 loss_D_A=0.2220 loss_D_B=0.2105 D_A_real=0.5571 D_A_fake=0.4535 D_B_real=0.5639 D_B_fake=0.4262 grad_norm_G=40.1536 grad_norm_D=3.9618 lr=0.000118 elapsed=6561s
iter=16950/24000 loss_G=6.6682 loss_G_adv=0.6898 loss_cycle=0.4000 loss_identity=0.3957 loss_D_A=0.2070 loss_D_B=0.2212 D_A_real=0.5686 D_A_fake=0.4231 D_B_real=0.5688 D_B_fake=0.4465 grad_norm_G=36.4521 grad_norm_D=4.4033 lr=0.000118 elapsed=6579s
iter=17000/24000 loss_G=6.8779 loss_G_adv=0.6462 loss_cycle=0.4184 loss_identity=0.4095 loss_D_A=0.2084 loss_D_B=0.2341 D_A_real=0.5784 D_A_fake=0.4408 D_B_real=0.5265 D_B_fake=0.4619 grad_norm_G=36.9336 grad_norm_D=4.8264 lr=0.000117 elapsed=6598s
iter=17050/24000 loss_G=6.6648 loss_G_adv=0.6163 loss_cycle=0.4046 loss_identity=0.4006 loss_D_A=0.2222 loss_D_B=0.2139 D_A_real=0.5649 D_A_fake=0.4394 D_B_real=0.5626 D_B_fake=0.4414 grad_norm_G=39.1660 grad_norm_D=5.2034 lr=0.000116 elapsed=6616s
iter=17100/24000 loss_G=6.9718 loss_G_adv=0.6411 loss_cycle=0.4292 loss_identity=0.4077 loss_D_A=0.2116 loss_D_B=0.2250 D_A_real=0.5780 D_A_fake=0.4277 D_B_real=0.5451 D_B_fake=0.4499 grad_norm_G=35.7982 grad_norm_D=4.7657 lr=0.000115 elapsed=6634s
EPOCH 57/80 epoch_sec=109.8 img_per_sec=5.47 nan=0 peak_mps_tensor_mb=409
iter=17150/24000 loss_G=6.8340 loss_G_adv=0.6419 loss_cycle=0.4154 loss_identity=0.4077 loss_D_A=0.2204 loss_D_B=0.2457 D_A_real=0.5532 D_A_fake=0.4362 D_B_real=0.5267 D_B_fake=0.4662 grad_norm_G=36.0033 grad_norm_D=4.4145 lr=0.000114 elapsed=6652s
iter=17200/24000 loss_G=6.2900 loss_G_adv=0.6337 loss_cycle=0.3817 loss_identity=0.3679 loss_D_A=0.2156 loss_D_B=0.2306 D_A_real=0.5644 D_A_fake=0.4403 D_B_real=0.5411 D_B_fake=0.4553 grad_norm_G=38.4841 grad_norm_D=4.2855 lr=0.000113 elapsed=6670s
iter=17250/24000 loss_G=7.0800 loss_G_adv=0.6791 loss_cycle=0.4301 loss_identity=0.4200 loss_D_A=0.2259 loss_D_B=0.2314 D_A_real=0.5454 D_A_fake=0.4255 D_B_real=0.5343 D_B_fake=0.4650 grad_norm_G=40.4935 grad_norm_D=4.6250 lr=0.000113 elapsed=6688s
iter=17300/24000 loss_G=6.8790 loss_G_adv=0.6054 loss_cycle=0.4220 loss_identity=0.4107 loss_D_A=0.2366 loss_D_B=0.2324 D_A_real=0.5337 D_A_fake=0.4682 D_B_real=0.5340 D_B_fake=0.4670 grad_norm_G=40.9757 grad_norm_D=4.2501 lr=0.000112 elapsed=6706s
iter=17350/24000 loss_G=6.5999 loss_G_adv=0.6588 loss_cycle=0.3991 loss_identity=0.3900 loss_D_A=0.2278 loss_D_B=0.2222 D_A_real=0.5321 D_A_fake=0.4429 D_B_real=0.5464 D_B_fake=0.4582 grad_norm_G=35.4796 grad_norm_D=4.1744 lr=0.000111 elapsed=6725s
iter=17400/24000 loss_G=6.7810 loss_G_adv=0.6435 loss_cycle=0.4100 loss_identity=0.4075 loss_D_A=0.2132 loss_D_B=0.2113 D_A_real=0.5739 D_A_fake=0.4546 D_B_real=0.5673 D_B_fake=0.4276 grad_norm_G=37.7000 grad_norm_D=5.3810 lr=0.000110 elapsed=6743s
EPOCH 58/80 epoch_sec=108.4 img_per_sec=5.53 nan=0 peak_mps_tensor_mb=409
iter=17450/24000 loss_G=6.6187 loss_G_adv=0.6346 loss_cycle=0.4017 loss_identity=0.3934 loss_D_A=0.2168 loss_D_B=0.2249 D_A_real=0.5543 D_A_fake=0.4308 D_B_real=0.5604 D_B_fake=0.4561 grad_norm_G=38.8432 grad_norm_D=4.7511 lr=0.000109 elapsed=6761s
iter=17500/24000 loss_G=6.6495 loss_G_adv=0.6449 loss_cycle=0.4041 loss_identity=0.3928 loss_D_A=0.2322 loss_D_B=0.2376 D_A_real=0.5473 D_A_fake=0.4517 D_B_real=0.5319 D_B_fake=0.4603 grad_norm_G=39.6197 grad_norm_D=4.5917 lr=0.000108 elapsed=6779s
iter=17550/24000 loss_G=6.3820 loss_G_adv=0.6291 loss_cycle=0.3861 loss_identity=0.3784 loss_D_A=0.2106 loss_D_B=0.2328 D_A_real=0.5637 D_A_fake=0.4330 D_B_real=0.5279 D_B_fake=0.4571 grad_norm_G=33.4155 grad_norm_D=4.3579 lr=0.000107 elapsed=6797s
iter=17600/24000 loss_G=6.5858 loss_G_adv=0.6566 loss_cycle=0.3962 loss_identity=0.3935 loss_D_A=0.2215 loss_D_B=0.2173 D_A_real=0.5513 D_A_fake=0.4431 D_B_real=0.5545 D_B_fake=0.4515 grad_norm_G=36.4229 grad_norm_D=4.7478 lr=0.000107 elapsed=6815s
iter=17650/24000 loss_G=6.9839 loss_G_adv=0.6844 loss_cycle=0.4231 loss_identity=0.4138 loss_D_A=0.2163 loss_D_B=0.2167 D_A_real=0.5634 D_A_fake=0.4334 D_B_real=0.5608 D_B_fake=0.4408 grad_norm_G=36.0515 grad_norm_D=4.6392 lr=0.000106 elapsed=6833s
iter=17700/24000 loss_G=6.8543 loss_G_adv=0.6806 loss_cycle=0.4162 loss_identity=0.4023 loss_D_A=0.2303 loss_D_B=0.2387 D_A_real=0.5555 D_A_fake=0.4558 D_B_real=0.5239 D_B_fake=0.4600 grad_norm_G=38.8521 grad_norm_D=5.0620 lr=0.000105 elapsed=6852s
EPOCH 59/80 epoch_sec=109.6 img_per_sec=5.48 nan=0 peak_mps_tensor_mb=409
iter=17750/24000 loss_G=7.0250 loss_G_adv=0.6079 loss_cycle=0.4274 loss_identity=0.4286 loss_D_A=0.2270 loss_D_B=0.2216 D_A_real=0.5394 D_A_fake=0.4334 D_B_real=0.5552 D_B_fake=0.4574 grad_norm_G=37.5443 grad_norm_D=4.3797 lr=0.000104 elapsed=6871s
iter=17800/24000 loss_G=6.3680 loss_G_adv=0.6316 loss_cycle=0.3835 loss_identity=0.3803 loss_D_A=0.2328 loss_D_B=0.2321 D_A_real=0.5352 D_A_fake=0.4628 D_B_real=0.5386 D_B_fake=0.4619 grad_norm_G=37.7288 grad_norm_D=4.4820 lr=0.000103 elapsed=6889s
iter=17850/24000 loss_G=6.7705 loss_G_adv=0.6839 loss_cycle=0.4088 loss_identity=0.3997 loss_D_A=0.2195 loss_D_B=0.2239 D_A_real=0.5533 D_A_fake=0.4460 D_B_real=0.5370 D_B_fake=0.4518 grad_norm_G=34.1631 grad_norm_D=4.2681 lr=0.000102 elapsed=6907s
iter=17900/24000 loss_G=6.5602 loss_G_adv=0.6099 loss_cycle=0.3945 loss_identity=0.4011 loss_D_A=0.2282 loss_D_B=0.2294 D_A_real=0.5438 D_A_fake=0.4610 D_B_real=0.5410 D_B_fake=0.4647 grad_norm_G=37.7175 grad_norm_D=4.7039 lr=0.000102 elapsed=6925s
iter=17950/24000 loss_G=6.7917 loss_G_adv=0.6346 loss_cycle=0.4082 loss_identity=0.4150 loss_D_A=0.2323 loss_D_B=0.2243 D_A_real=0.5539 D_A_fake=0.4592 D_B_real=0.5608 D_B_fake=0.4443 grad_norm_G=40.4220 grad_norm_D=4.9755 lr=0.000101 elapsed=6943s
iter=18000/24000 loss_G=6.5036 loss_G_adv=0.6834 loss_cycle=0.3888 loss_identity=0.3864 loss_D_A=0.2182 loss_D_B=0.2372 D_A_real=0.5580 D_A_fake=0.4426 D_B_real=0.5267 D_B_fake=0.4659 grad_norm_G=34.2060 grad_norm_D=4.2949 lr=0.000100 elapsed=6962s
EPOCH 60/80 epoch_sec=109.6 img_per_sec=5.47 nan=0 peak_mps_tensor_mb=409
iter=18050/24000 loss_G=6.6805 loss_G_adv=0.6240 loss_cycle=0.4035 loss_identity=0.4043 loss_D_A=0.2230 loss_D_B=0.2119 D_A_real=0.5391 D_A_fake=0.4430 D_B_real=0.5662 D_B_fake=0.4339 grad_norm_G=44.6027 grad_norm_D=3.8173 lr=0.000099 elapsed=6982s
iter=18100/24000 loss_G=6.6890 loss_G_adv=0.6157 loss_cycle=0.4038 loss_identity=0.4071 loss_D_A=0.2196 loss_D_B=0.2244 D_A_real=0.5588 D_A_fake=0.4521 D_B_real=0.5416 D_B_fake=0.4500 grad_norm_G=37.3014 grad_norm_D=4.6122 lr=0.000098 elapsed=7000s
iter=18150/24000 loss_G=6.5006 loss_G_adv=0.6444 loss_cycle=0.3901 loss_identity=0.3911 loss_D_A=0.2263 loss_D_B=0.2206 D_A_real=0.5411 D_A_fake=0.4505 D_B_real=0.5586 D_B_fake=0.4406 grad_norm_G=37.0548 grad_norm_D=4.8765 lr=0.000098 elapsed=7018s
iter=18200/24000 loss_G=6.8197 loss_G_adv=0.7173 loss_cycle=0.4085 loss_identity=0.4034 loss_D_A=0.2028 loss_D_B=0.2202 D_A_real=0.5818 D_A_fake=0.4036 D_B_real=0.5509 D_B_fake=0.4472 grad_norm_G=38.9843 grad_norm_D=4.6625 lr=0.000097 elapsed=7037s
iter=18250/24000 loss_G=6.7749 loss_G_adv=0.6715 loss_cycle=0.4071 loss_identity=0.4065 loss_D_A=0.2085 loss_D_B=0.2080 D_A_real=0.5752 D_A_fake=0.4248 D_B_real=0.5765 D_B_fake=0.4089 grad_norm_G=39.8885 grad_norm_D=5.0824 lr=0.000096 elapsed=7055s
iter=18300/24000 loss_G=6.7938 loss_G_adv=0.6547 loss_cycle=0.4079 loss_identity=0.4119 loss_D_A=0.2076 loss_D_B=0.2134 D_A_real=0.5906 D_A_fake=0.4222 D_B_real=0.5715 D_B_fake=0.4334 grad_norm_G=41.0874 grad_norm_D=4.9625 lr=0.000095 elapsed=7073s
EPOCH 61/80 epoch_sec=110.5 img_per_sec=5.43 nan=0 peak_mps_tensor_mb=409
iter=18350/24000 loss_G=6.3572 loss_G_adv=0.5779 loss_cycle=0.3831 loss_identity=0.3897 loss_D_A=0.2030 loss_D_B=0.2278 D_A_real=0.5899 D_A_fake=0.4182 D_B_real=0.5472 D_B_fake=0.4477 grad_norm_G=37.3109 grad_norm_D=4.5736 lr=0.000094 elapsed=7092s
iter=18400/24000 loss_G=6.6256 loss_G_adv=0.6323 loss_cycle=0.3998 loss_identity=0.3990 loss_D_A=0.2247 loss_D_B=0.2235 D_A_real=0.5543 D_A_fake=0.4462 D_B_real=0.5608 D_B_fake=0.4630 grad_norm_G=38.2441 grad_norm_D=5.2951 lr=0.000093 elapsed=7110s
iter=18450/24000 loss_G=6.1941 loss_G_adv=0.5980 loss_cycle=0.3739 loss_identity=0.3714 loss_D_A=0.2341 loss_D_B=0.2270 D_A_real=0.5304 D_A_fake=0.4563 D_B_real=0.5341 D_B_fake=0.4463 grad_norm_G=36.1575 grad_norm_D=4.3036 lr=0.000093 elapsed=7128s
iter=18500/24000 loss_G=6.8833 loss_G_adv=0.6260 loss_cycle=0.4225 loss_identity=0.4065 loss_D_A=0.2151 loss_D_B=0.2410 D_A_real=0.5592 D_A_fake=0.4468 D_B_real=0.5255 D_B_fake=0.4774 grad_norm_G=49.8115 grad_norm_D=5.0380 lr=0.000092 elapsed=7147s
iter=18550/24000 loss_G=6.8031 loss_G_adv=0.6706 loss_cycle=0.4128 loss_identity=0.4008 loss_D_A=0.2168 loss_D_B=0.2297 D_A_real=0.5499 D_A_fake=0.4233 D_B_real=0.5429 D_B_fake=0.4582 grad_norm_G=38.4898 grad_norm_D=5.1971 lr=0.000091 elapsed=7165s
iter=18600/24000 loss_G=6.5723 loss_G_adv=0.6208 loss_cycle=0.3983 loss_identity=0.3937 loss_D_A=0.2151 loss_D_B=0.2152 D_A_real=0.5683 D_A_fake=0.4400 D_B_real=0.5589 D_B_fake=0.4388 grad_norm_G=37.8250 grad_norm_D=4.3985 lr=0.000090 elapsed=7183s
EPOCH 62/80 epoch_sec=109.7 img_per_sec=5.47 nan=0 peak_mps_tensor_mb=409
iter=18650/24000 loss_G=6.4574 loss_G_adv=0.5663 loss_cycle=0.3925 loss_identity=0.3932 loss_D_A=0.2293 loss_D_B=0.2363 D_A_real=0.5534 D_A_fake=0.4633 D_B_real=0.5295 D_B_fake=0.4609 grad_norm_G=35.7050 grad_norm_D=4.9677 lr=0.000089 elapsed=7201s
iter=18700/24000 loss_G=6.7280 loss_G_adv=0.6190 loss_cycle=0.4058 loss_identity=0.4102 loss_D_A=0.2358 loss_D_B=0.2309 D_A_real=0.5364 D_A_fake=0.4462 D_B_real=0.5460 D_B_fake=0.4670 grad_norm_G=37.1959 grad_norm_D=4.1137 lr=0.000088 elapsed=7219s
iter=18750/24000 loss_G=6.7436 loss_G_adv=0.5777 loss_cycle=0.4052 loss_identity=0.4228 loss_D_A=0.2192 loss_D_B=0.2251 D_A_real=0.5542 D_A_fake=0.4556 D_B_real=0.5369 D_B_fake=0.4483 grad_norm_G=37.6394 grad_norm_D=4.4177 lr=0.000087 elapsed=7238s
iter=18800/24000 loss_G=6.4529 loss_G_adv=0.6014 loss_cycle=0.3904 loss_identity=0.3895 loss_D_A=0.2220 loss_D_B=0.2362 D_A_real=0.5395 D_A_fake=0.4368 D_B_real=0.5437 D_B_fake=0.4834 grad_norm_G=37.5319 grad_norm_D=4.3058 lr=0.000087 elapsed=7256s
iter=18850/24000 loss_G=6.6168 loss_G_adv=0.5928 loss_cycle=0.4041 loss_identity=0.3965 loss_D_A=0.2241 loss_D_B=0.2347 D_A_real=0.5532 D_A_fake=0.4678 D_B_real=0.5223 D_B_fake=0.4563 grad_norm_G=33.7813 grad_norm_D=4.5734 lr=0.000086 elapsed=7274s
iter=18900/24000 loss_G=6.5538 loss_G_adv=0.6364 loss_cycle=0.3958 loss_identity=0.3918 loss_D_A=0.2147 loss_D_B=0.2211 D_A_real=0.5578 D_A_fake=0.4402 D_B_real=0.5492 D_B_fake=0.4531 grad_norm_G=35.8736 grad_norm_D=4.1098 lr=0.000085 elapsed=7292s
EPOCH 63/80 epoch_sec=109.2 img_per_sec=5.50 nan=0 peak_mps_tensor_mb=409
iter=18950/24000 loss_G=6.4259 loss_G_adv=0.6793 loss_cycle=0.3846 loss_identity=0.3802 loss_D_A=0.2293 loss_D_B=0.2167 D_A_real=0.5442 D_A_fake=0.4456 D_B_real=0.5592 D_B_fake=0.4376 grad_norm_G=36.2005 grad_norm_D=4.7367 lr=0.000084 elapsed=7311s
iter=19000/24000 loss_G=6.2163 loss_G_adv=0.6125 loss_cycle=0.3720 loss_identity=0.3768 loss_D_A=0.2248 loss_D_B=0.2150 D_A_real=0.5570 D_A_fake=0.4613 D_B_real=0.5714 D_B_fake=0.4323 grad_norm_G=35.9464 grad_norm_D=4.5747 lr=0.000083 elapsed=7329s
iter=19050/24000 loss_G=6.0083 loss_G_adv=0.5686 loss_cycle=0.3597 loss_identity=0.3686 loss_D_A=0.2339 loss_D_B=0.2224 D_A_real=0.5395 D_A_fake=0.4649 D_B_real=0.5488 D_B_fake=0.4443 grad_norm_G=34.4070 grad_norm_D=4.0766 lr=0.000082 elapsed=7348s
iter=19100/24000 loss_G=6.3954 loss_G_adv=0.6290 loss_cycle=0.3839 loss_identity=0.3854 loss_D_A=0.2227 loss_D_B=0.2167 D_A_real=0.5416 D_A_fake=0.4391 D_B_real=0.5644 D_B_fake=0.4411 grad_norm_G=38.2158 grad_norm_D=3.9652 lr=0.000082 elapsed=7367s
iter=19150/24000 loss_G=6.1631 loss_G_adv=0.6121 loss_cycle=0.3700 loss_identity=0.3703 loss_D_A=0.2341 loss_D_B=0.2261 D_A_real=0.5285 D_A_fake=0.4654 D_B_real=0.5374 D_B_fake=0.4506 grad_norm_G=37.0635 grad_norm_D=4.7585 lr=0.000081 elapsed=7386s
iter=19200/24000 loss_G=6.7700 loss_G_adv=0.5749 loss_cycle=0.4166 loss_identity=0.4058 loss_D_A=0.2209 loss_D_B=0.2324 D_A_real=0.5572 D_A_fake=0.4586 D_B_real=0.5315 D_B_fake=0.4482 grad_norm_G=40.8399 grad_norm_D=5.0624 lr=0.000080 elapsed=7405s
EPOCH 64/80 epoch_sec=112.4 img_per_sec=5.34 nan=0 peak_mps_tensor_mb=409
iter=19250/24000 loss_G=6.5723 loss_G_adv=0.6101 loss_cycle=0.3983 loss_identity=0.3958 loss_D_A=0.2346 loss_D_B=0.2197 D_A_real=0.5297 D_A_fake=0.4611 D_B_real=0.5605 D_B_fake=0.4618 grad_norm_G=39.7841 grad_norm_D=4.4014 lr=0.000079 elapsed=7426s
iter=19300/24000 loss_G=7.2068 loss_G_adv=0.6656 loss_cycle=0.4382 loss_identity=0.4319 loss_D_A=0.2195 loss_D_B=0.2165 D_A_real=0.5529 D_A_fake=0.4416 D_B_real=0.5555 D_B_fake=0.4468 grad_norm_G=40.2623 grad_norm_D=4.4906 lr=0.000078 elapsed=7446s
iter=19350/24000 loss_G=6.6895 loss_G_adv=0.6499 loss_cycle=0.4063 loss_identity=0.3953 loss_D_A=0.2082 loss_D_B=0.2121 D_A_real=0.5690 D_A_fake=0.4403 D_B_real=0.5796 D_B_fake=0.4343 grad_norm_G=43.5464 grad_norm_D=4.3947 lr=0.000077 elapsed=7466s
iter=19400/24000 loss_G=6.5048 loss_G_adv=0.6410 loss_cycle=0.3882 loss_identity=0.3964 loss_D_A=0.2071 loss_D_B=0.2306 D_A_real=0.5729 D_A_fake=0.4246 D_B_real=0.5381 D_B_fake=0.4442 grad_norm_G=38.8900 grad_norm_D=5.0096 lr=0.000077 elapsed=7486s
iter=19450/24000 loss_G=6.5284 loss_G_adv=0.6341 loss_cycle=0.3960 loss_identity=0.3868 loss_D_A=0.2240 loss_D_B=0.2267 D_A_real=0.5418 D_A_fake=0.4406 D_B_real=0.5349 D_B_fake=0.4515 grad_norm_G=37.5092 grad_norm_D=4.8440 lr=0.000076 elapsed=7508s
iter=19500/24000 loss_G=6.7631 loss_G_adv=0.6374 loss_cycle=0.4106 loss_identity=0.4040 loss_D_A=0.1958 loss_D_B=0.2237 D_A_real=0.5928 D_A_fake=0.4159 D_B_real=0.5565 D_B_fake=0.4561 grad_norm_G=36.8663 grad_norm_D=4.8677 lr=0.000075 elapsed=7526s
EPOCH 65/80 epoch_sec=121.1 img_per_sec=4.95 nan=0 peak_mps_tensor_mb=409
iter=19550/24000 loss_G=6.0347 loss_G_adv=0.5928 loss_cycle=0.3614 loss_identity=0.3655 loss_D_A=0.2273 loss_D_B=0.2242 D_A_real=0.5509 D_A_fake=0.4432 D_B_real=0.5415 D_B_fake=0.4540 grad_norm_G=33.9998 grad_norm_D=4.3758 lr=0.000074 elapsed=7546s
iter=19600/24000 loss_G=7.0865 loss_G_adv=0.6389 loss_cycle=0.4337 loss_identity=0.4221 loss_D_A=0.2092 loss_D_B=0.2267 D_A_real=0.5749 D_A_fake=0.4363 D_B_real=0.5498 D_B_fake=0.4484 grad_norm_G=40.6411 grad_norm_D=4.6920 lr=0.000073 elapsed=7564s
iter=19650/24000 loss_G=6.3640 loss_G_adv=0.6365 loss_cycle=0.3854 loss_identity=0.3747 loss_D_A=0.2107 loss_D_B=0.2143 D_A_real=0.5682 D_A_fake=0.4176 D_B_real=0.5654 D_B_fake=0.4464 grad_norm_G=39.2113 grad_norm_D=4.5706 lr=0.000073 elapsed=7582s
iter=19700/24000 loss_G=6.3352 loss_G_adv=0.5978 loss_cycle=0.3821 loss_identity=0.3833 loss_D_A=0.2372 loss_D_B=0.2383 D_A_real=0.5385 D_A_fake=0.4542 D_B_real=0.5361 D_B_fake=0.4601 grad_norm_G=43.2504 grad_norm_D=5.1568 lr=0.000072 elapsed=7601s
iter=19750/24000 loss_G=6.4715 loss_G_adv=0.6644 loss_cycle=0.3859 loss_identity=0.3896 loss_D_A=0.2133 loss_D_B=0.2135 D_A_real=0.5722 D_A_fake=0.4472 D_B_real=0.5431 D_B_fake=0.4274 grad_norm_G=35.3397 grad_norm_D=4.6388 lr=0.000071 elapsed=7619s
iter=19800/24000 loss_G=6.2931 loss_G_adv=0.6691 loss_cycle=0.3771 loss_identity=0.3706 loss_D_A=0.2193 loss_D_B=0.2128 D_A_real=0.5516 D_A_fake=0.4402 D_B_real=0.5738 D_B_fake=0.4365 grad_norm_G=37.7317 grad_norm_D=5.0294 lr=0.000070 elapsed=7637s
EPOCH 66/80 epoch_sec=110.7 img_per_sec=5.42 nan=0 peak_mps_tensor_mb=409
iter=19850/24000 loss_G=6.2893 loss_G_adv=0.6678 loss_cycle=0.3779 loss_identity=0.3685 loss_D_A=0.2242 loss_D_B=0.2237 D_A_real=0.5398 D_A_fake=0.4455 D_B_real=0.5654 D_B_fake=0.4528 grad_norm_G=35.8931 grad_norm_D=4.9118 lr=0.000069 elapsed=7655s
iter=19900/24000 loss_G=6.2898 loss_G_adv=0.6440 loss_cycle=0.3754 loss_identity=0.3785 loss_D_A=0.2132 loss_D_B=0.2217 D_A_real=0.5766 D_A_fake=0.4481 D_B_real=0.5474 D_B_fake=0.4498 grad_norm_G=37.1815 grad_norm_D=4.9389 lr=0.000068 elapsed=7674s
iter=19950/24000 loss_G=6.6781 loss_G_adv=0.6229 loss_cycle=0.4007 loss_identity=0.4097 loss_D_A=0.2126 loss_D_B=0.2407 D_A_real=0.5634 D_A_fake=0.4193 D_B_real=0.5352 D_B_fake=0.4661 grad_norm_G=40.3814 grad_norm_D=4.7459 lr=0.000068 elapsed=7692s
iter=20000/24000 loss_G=6.5008 loss_G_adv=0.6004 loss_cycle=0.3930 loss_identity=0.3941 loss_D_A=0.2092 loss_D_B=0.2161 D_A_real=0.5814 D_A_fake=0.4401 D_B_real=0.5557 D_B_fake=0.4485 grad_norm_G=42.9236 grad_norm_D=4.6531 lr=0.000067 elapsed=7711s
iter=20050/24000 loss_G=6.4497 loss_G_adv=0.6481 loss_cycle=0.3880 loss_identity=0.3842 loss_D_A=0.2416 loss_D_B=0.2173 D_A_real=0.5249 D_A_fake=0.4709 D_B_real=0.5537 D_B_fake=0.4370 grad_norm_G=44.2117 grad_norm_D=4.6076 lr=0.000066 elapsed=7730s
iter=20100/24000 loss_G=6.0226 loss_G_adv=0.6471 loss_cycle=0.3576 loss_identity=0.3600 loss_D_A=0.2202 loss_D_B=0.2234 D_A_real=0.5594 D_A_fake=0.4533 D_B_real=0.5434 D_B_fake=0.4468 grad_norm_G=35.0916 grad_norm_D=5.4988 lr=0.000065 elapsed=7755s
EPOCH 67/80 epoch_sec=117.6 img_per_sec=5.10 nan=0 peak_mps_tensor_mb=409
iter=20150/24000 loss_G=6.3504 loss_G_adv=0.6627 loss_cycle=0.3819 loss_identity=0.3738 loss_D_A=0.2183 loss_D_B=0.2175 D_A_real=0.5493 D_A_fake=0.4249 D_B_real=0.5628 D_B_fake=0.4454 grad_norm_G=38.3246 grad_norm_D=4.6137 lr=0.000064 elapsed=7780s
iter=20200/24000 loss_G=6.3219 loss_G_adv=0.6477 loss_cycle=0.3734 loss_identity=0.3881 loss_D_A=0.2337 loss_D_B=0.2188 D_A_real=0.5358 D_A_fake=0.4660 D_B_real=0.5549 D_B_fake=0.4488 grad_norm_G=35.5996 grad_norm_D=5.0060 lr=0.000063 elapsed=7803s
iter=20250/24000 loss_G=6.4047 loss_G_adv=0.6568 loss_cycle=0.3811 loss_identity=0.3874 loss_D_A=0.2252 loss_D_B=0.2133 D_A_real=0.5415 D_A_fake=0.4547 D_B_real=0.5621 D_B_fake=0.4276 grad_norm_G=38.2726 grad_norm_D=4.8806 lr=0.000063 elapsed=7824s
iter=20300/24000 loss_G=6.4237 loss_G_adv=0.6340 loss_cycle=0.3865 loss_identity=0.3849 loss_D_A=0.2293 loss_D_B=0.2198 D_A_real=0.5404 D_A_fake=0.4632 D_B_real=0.5627 D_B_fake=0.4402 grad_norm_G=35.1343 grad_norm_D=4.4546 lr=0.000062 elapsed=7845s
iter=20350/24000 loss_G=6.4183 loss_G_adv=0.6807 loss_cycle=0.3825 loss_identity=0.3826 loss_D_A=0.2321 loss_D_B=0.2160 D_A_real=0.5354 D_A_fake=0.4603 D_B_real=0.5521 D_B_fake=0.4344 grad_norm_G=42.4385 grad_norm_D=4.7659 lr=0.000061 elapsed=7866s
iter=20400/24000 loss_G=6.3776 loss_G_adv=0.6118 loss_cycle=0.3821 loss_identity=0.3890 loss_D_A=0.2244 loss_D_B=0.2215 D_A_real=0.5452 D_A_fake=0.4473 D_B_real=0.5485 D_B_fake=0.4479 grad_norm_G=36.9574 grad_norm_D=4.4625 lr=0.000060 elapsed=7887s
EPOCH 68/80 epoch_sec=131.7 img_per_sec=4.56 nan=0 peak_mps_tensor_mb=409
iter=20450/24000 loss_G=6.2877 loss_G_adv=0.6186 loss_cycle=0.3764 loss_identity=0.3810 loss_D_A=0.2302 loss_D_B=0.2206 D_A_real=0.5425 D_A_fake=0.4649 D_B_real=0.5564 D_B_fake=0.4495 grad_norm_G=43.2789 grad_norm_D=4.8581 lr=0.000059 elapsed=7907s
iter=20500/24000 loss_G=6.4007 loss_G_adv=0.6082 loss_cycle=0.3910 loss_identity=0.3766 loss_D_A=0.2165 loss_D_B=0.2111 D_A_real=0.5467 D_A_fake=0.4392 D_B_real=0.5684 D_B_fake=0.4212 grad_norm_G=40.6504 grad_norm_D=4.8783 lr=0.000058 elapsed=7928s
iter=20550/24000 loss_G=5.9020 loss_G_adv=0.6133 loss_cycle=0.3510 loss_identity=0.3558 loss_D_A=0.2137 loss_D_B=0.2174 D_A_real=0.5625 D_A_fake=0.4409 D_B_real=0.5593 D_B_fake=0.4361 grad_norm_G=36.4121 grad_norm_D=5.1451 lr=0.000057 elapsed=7949s
iter=20600/24000 loss_G=6.2056 loss_G_adv=0.5888 loss_cycle=0.3730 loss_identity=0.3774 loss_D_A=0.2143 loss_D_B=0.2288 D_A_real=0.5808 D_A_fake=0.4512 D_B_real=0.5608 D_B_fake=0.4625 grad_norm_G=37.5150 grad_norm_D=5.0398 lr=0.000057 elapsed=7969s
iter=20650/24000 loss_G=6.3942 loss_G_adv=0.6298 loss_cycle=0.3865 loss_identity=0.3798 loss_D_A=0.2273 loss_D_B=0.2299 D_A_real=0.5466 D_A_fake=0.4463 D_B_real=0.5277 D_B_fake=0.4452 grad_norm_G=44.3786 grad_norm_D=4.8464 lr=0.000056 elapsed=7990s
iter=20700/24000 loss_G=6.2508 loss_G_adv=0.6416 loss_cycle=0.3756 loss_identity=0.3706 loss_D_A=0.2180 loss_D_B=0.2298 D_A_real=0.5579 D_A_fake=0.4418 D_B_real=0.5447 D_B_fake=0.4636 grad_norm_G=40.5266 grad_norm_D=4.8453 lr=0.000055 elapsed=8011s
EPOCH 69/80 epoch_sec=124.2 img_per_sec=4.83 nan=0 peak_mps_tensor_mb=409
iter=20750/24000 loss_G=6.3644 loss_G_adv=0.6277 loss_cycle=0.3805 loss_identity=0.3864 loss_D_A=0.2243 loss_D_B=0.2235 D_A_real=0.5581 D_A_fake=0.4466 D_B_real=0.5509 D_B_fake=0.4524 grad_norm_G=38.0908 grad_norm_D=4.4915 lr=0.000054 elapsed=8032s
iter=20800/24000 loss_G=6.2999 loss_G_adv=0.6414 loss_cycle=0.3779 loss_identity=0.3759 loss_D_A=0.2310 loss_D_B=0.2159 D_A_real=0.5424 D_A_fake=0.4669 D_B_real=0.5627 D_B_fake=0.4481 grad_norm_G=42.4186 grad_norm_D=4.7232 lr=0.000053 elapsed=8053s
iter=20850/24000 loss_G=6.5644 loss_G_adv=0.6504 loss_cycle=0.3928 loss_identity=0.3973 loss_D_A=0.2199 loss_D_B=0.2184 D_A_real=0.5503 D_A_fake=0.4418 D_B_real=0.5553 D_B_fake=0.4374 grad_norm_G=39.7004 grad_norm_D=4.5270 lr=0.000052 elapsed=8075s
iter=20900/24000 loss_G=6.2422 loss_G_adv=0.6067 loss_cycle=0.3747 loss_identity=0.3778 loss_D_A=0.2115 loss_D_B=0.2110 D_A_real=0.5669 D_A_fake=0.4280 D_B_real=0.5696 D_B_fake=0.4376 grad_norm_G=38.4101 grad_norm_D=5.0140 lr=0.000052 elapsed=8097s
iter=20950/24000 loss_G=6.3257 loss_G_adv=0.6238 loss_cycle=0.3773 loss_identity=0.3857 loss_D_A=0.2218 loss_D_B=0.2276 D_A_real=0.5371 D_A_fake=0.4460 D_B_real=0.5456 D_B_fake=0.4487 grad_norm_G=40.8257 grad_norm_D=4.8126 lr=0.000051 elapsed=8118s
iter=21000/24000 loss_G=5.9764 loss_G_adv=0.5988 loss_cycle=0.3570 loss_identity=0.3614 loss_D_A=0.2102 loss_D_B=0.2213 D_A_real=0.5712 D_A_fake=0.4355 D_B_real=0.5508 D_B_fake=0.4563 grad_norm_G=37.8650 grad_norm_D=4.8809 lr=0.000050 elapsed=8139s
EPOCH 70/80 epoch_sec=127.6 img_per_sec=4.70 nan=0 peak_mps_tensor_mb=409
iter=21050/24000 loss_G=6.4015 loss_G_adv=0.6685 loss_cycle=0.3792 loss_identity=0.3883 loss_D_A=0.2290 loss_D_B=0.2209 D_A_real=0.5554 D_A_fake=0.4428 D_B_real=0.5509 D_B_fake=0.4436 grad_norm_G=39.5073 grad_norm_D=5.0090 lr=0.000049 elapsed=8161s
iter=21100/24000 loss_G=6.3632 loss_G_adv=0.6387 loss_cycle=0.3766 loss_identity=0.3917 loss_D_A=0.2203 loss_D_B=0.2261 D_A_real=0.5522 D_A_fake=0.4458 D_B_real=0.5368 D_B_fake=0.4442 grad_norm_G=36.9374 grad_norm_D=4.5036 lr=0.000048 elapsed=8182s
iter=21150/24000 loss_G=6.3980 loss_G_adv=0.6832 loss_cycle=0.3807 loss_identity=0.3815 loss_D_A=0.2223 loss_D_B=0.2168 D_A_real=0.5525 D_A_fake=0.4522 D_B_real=0.5725 D_B_fake=0.4497 grad_norm_G=39.8757 grad_norm_D=5.1183 lr=0.000048 elapsed=8203s
iter=21200/24000 loss_G=6.1761 loss_G_adv=0.6355 loss_cycle=0.3676 loss_identity=0.3728 loss_D_A=0.2154 loss_D_B=0.2303 D_A_real=0.5586 D_A_fake=0.4461 D_B_real=0.5299 D_B_fake=0.4524 grad_norm_G=40.2263 grad_norm_D=4.5576 lr=0.000047 elapsed=8225s
iter=21250/24000 loss_G=6.3816 loss_G_adv=0.6528 loss_cycle=0.3826 loss_identity=0.3806 loss_D_A=0.2079 loss_D_B=0.2194 D_A_real=0.5812 D_A_fake=0.4403 D_B_real=0.5614 D_B_fake=0.4564 grad_norm_G=39.7670 grad_norm_D=4.7860 lr=0.000046 elapsed=8245s
iter=21300/24000 loss_G=6.6376 loss_G_adv=0.6492 loss_cycle=0.4006 loss_identity=0.3965 loss_D_A=0.2271 loss_D_B=0.2036 D_A_real=0.5389 D_A_fake=0.4483 D_B_real=0.5700 D_B_fake=0.4230 grad_norm_G=40.6478 grad_norm_D=4.7133 lr=0.000045 elapsed=8266s
EPOCH 71/80 epoch_sec=126.1 img_per_sec=4.76 nan=0 peak_mps_tensor_mb=409
iter=21350/24000 loss_G=6.2039 loss_G_adv=0.6613 loss_cycle=0.3689 loss_identity=0.3708 loss_D_A=0.2169 loss_D_B=0.2088 D_A_real=0.5557 D_A_fake=0.4506 D_B_real=0.5619 D_B_fake=0.4250 grad_norm_G=40.2716 grad_norm_D=5.2745 lr=0.000044 elapsed=8287s
iter=21400/24000 loss_G=6.3661 loss_G_adv=0.6390 loss_cycle=0.3802 loss_identity=0.3851 loss_D_A=0.2321 loss_D_B=0.2299 D_A_real=0.5412 D_A_fake=0.4577 D_B_real=0.5485 D_B_fake=0.4609 grad_norm_G=39.2023 grad_norm_D=5.6889 lr=0.000043 elapsed=8308s
iter=21450/24000 loss_G=6.6142 loss_G_adv=0.6279 loss_cycle=0.3970 loss_identity=0.4033 loss_D_A=0.2163 loss_D_B=0.2119 D_A_real=0.5561 D_A_fake=0.4457 D_B_real=0.5551 D_B_fake=0.4342 grad_norm_G=39.1789 grad_norm_D=4.5425 lr=0.000043 elapsed=8329s
iter=21500/24000 loss_G=6.2368 loss_G_adv=0.6512 loss_cycle=0.3720 loss_identity=0.3732 loss_D_A=0.2128 loss_D_B=0.2101 D_A_real=0.5655 D_A_fake=0.4426 D_B_real=0.5861 D_B_fake=0.4420 grad_norm_G=40.3045 grad_norm_D=4.9900 lr=0.000042 elapsed=8350s
iter=21550/24000 loss_G=6.4767 loss_G_adv=0.6367 loss_cycle=0.3870 loss_identity=0.3941 loss_D_A=0.2221 loss_D_B=0.2126 D_A_real=0.5583 D_A_fake=0.4559 D_B_real=0.5630 D_B_fake=0.4353 grad_norm_G=38.7873 grad_norm_D=5.3081 lr=0.000041 elapsed=8371s
iter=21600/24000 loss_G=6.4403 loss_G_adv=0.6666 loss_cycle=0.3835 loss_identity=0.3877 loss_D_A=0.2348 loss_D_B=0.2033 D_A_real=0.5152 D_A_fake=0.4393 D_B_real=0.5894 D_B_fake=0.4191 grad_norm_G=40.1842 grad_norm_D=5.2064 lr=0.000040 elapsed=8392s
EPOCH 72/80 epoch_sec=125.9 img_per_sec=4.76 nan=0 peak_mps_tensor_mb=409
iter=21650/24000 loss_G=6.5289 loss_G_adv=0.6636 loss_cycle=0.3904 loss_identity=0.3922 loss_D_A=0.2171 loss_D_B=0.2127 D_A_real=0.5678 D_A_fake=0.4475 D_B_real=0.5649 D_B_fake=0.4382 grad_norm_G=40.1261 grad_norm_D=5.1178 lr=0.000039 elapsed=8411s
iter=21700/24000 loss_G=6.2727 loss_G_adv=0.6443 loss_cycle=0.3708 loss_identity=0.3840 loss_D_A=0.2273 loss_D_B=0.2190 D_A_real=0.5350 D_A_fake=0.4557 D_B_real=0.5458 D_B_fake=0.4307 grad_norm_G=37.1434 grad_norm_D=5.1202 lr=0.000038 elapsed=8433s
iter=21750/24000 loss_G=6.3810 loss_G_adv=0.6539 loss_cycle=0.3781 loss_identity=0.3892 loss_D_A=0.2068 loss_D_B=0.2189 D_A_real=0.5662 D_A_fake=0.4251 D_B_real=0.5716 D_B_fake=0.4508 grad_norm_G=40.1982 grad_norm_D=5.0576 lr=0.000038 elapsed=8454s
iter=21800/24000 loss_G=6.4825 loss_G_adv=0.6956 loss_cycle=0.3833 loss_identity=0.3908 loss_D_A=0.2180 loss_D_B=0.2164 D_A_real=0.5446 D_A_fake=0.4392 D_B_real=0.5520 D_B_fake=0.4300 grad_norm_G=42.1591 grad_norm_D=4.8735 lr=0.000037 elapsed=8474s
iter=21850/24000 loss_G=6.4086 loss_G_adv=0.6744 loss_cycle=0.3861 loss_identity=0.3746 loss_D_A=0.2154 loss_D_B=0.2117 D_A_real=0.5494 D_A_fake=0.4398 D_B_real=0.5569 D_B_fake=0.4370 grad_norm_G=39.6075 grad_norm_D=4.6241 lr=0.000036 elapsed=8496s
iter=21900/24000 loss_G=6.0607 loss_G_adv=0.6281 loss_cycle=0.3605 loss_identity=0.3655 loss_D_A=0.2241 loss_D_B=0.2100 D_A_real=0.5507 D_A_fake=0.4642 D_B_real=0.5701 D_B_fake=0.4283 grad_norm_G=39.4812 grad_norm_D=5.1928 lr=0.000035 elapsed=8517s
EPOCH 73/80 epoch_sec=125.0 img_per_sec=4.80 nan=0 peak_mps_tensor_mb=409
iter=21950/24000 loss_G=6.3051 loss_G_adv=0.6256 loss_cycle=0.3789 loss_identity=0.3782 loss_D_A=0.2084 loss_D_B=0.2260 D_A_real=0.5733 D_A_fake=0.4352 D_B_real=0.5429 D_B_fake=0.4440 grad_norm_G=40.7373 grad_norm_D=4.9270 lr=0.000034 elapsed=8538s
iter=22000/24000 loss_G=5.9443 loss_G_adv=0.6174 loss_cycle=0.3569 loss_identity=0.3516 loss_D_A=0.2126 loss_D_B=0.2289 D_A_real=0.5676 D_A_fake=0.4368 D_B_real=0.5499 D_B_fake=0.4585 grad_norm_G=39.2402 grad_norm_D=5.5462 lr=0.000033 elapsed=8558s
iter=22050/24000 loss_G=6.2577 loss_G_adv=0.6545 loss_cycle=0.3678 loss_identity=0.3850 loss_D_A=0.2183 loss_D_B=0.2177 D_A_real=0.5693 D_A_fake=0.4444 D_B_real=0.5702 D_B_fake=0.4460 grad_norm_G=35.3276 grad_norm_D=5.1559 lr=0.000032 elapsed=8579s
iter=22100/24000 loss_G=6.1331 loss_G_adv=0.6307 loss_cycle=0.3630 loss_identity=0.3744 loss_D_A=0.2279 loss_D_B=0.2108 D_A_real=0.5431 D_A_fake=0.4523 D_B_real=0.5580 D_B_fake=0.4242 grad_norm_G=38.5967 grad_norm_D=5.8477 lr=0.000032 elapsed=8600s
iter=22150/24000 loss_G=6.3173 loss_G_adv=0.6170 loss_cycle=0.3749 loss_identity=0.3904 loss_D_A=0.2344 loss_D_B=0.2070 D_A_real=0.5369 D_A_fake=0.4570 D_B_real=0.5799 D_B_fake=0.4404 grad_norm_G=40.7766 grad_norm_D=5.0431 lr=0.000031 elapsed=8621s
iter=22200/24000 loss_G=6.3586 loss_G_adv=0.6485 loss_cycle=0.3743 loss_identity=0.3934 loss_D_A=0.2049 loss_D_B=0.2153 D_A_real=0.5774 D_A_fake=0.4424 D_B_real=0.5575 D_B_fake=0.4400 grad_norm_G=37.2483 grad_norm_D=5.1807 lr=0.000030 elapsed=8642s
EPOCH 74/80 epoch_sec=124.8 img_per_sec=4.81 nan=0 peak_mps_tensor_mb=409
iter=22250/24000 loss_G=6.1466 loss_G_adv=0.6993 loss_cycle=0.3615 loss_identity=0.3664 loss_D_A=0.1958 loss_D_B=0.2171 D_A_real=0.5957 D_A_fake=0.4263 D_B_real=0.5448 D_B_fake=0.4248 grad_norm_G=41.5318 grad_norm_D=6.0273 lr=0.000029 elapsed=8663s
iter=22300/24000 loss_G=5.8742 loss_G_adv=0.6115 loss_cycle=0.3492 loss_identity=0.3541 loss_D_A=0.2318 loss_D_B=0.2263 D_A_real=0.5581 D_A_fake=0.4562 D_B_real=0.5535 D_B_fake=0.4660 grad_norm_G=38.0965 grad_norm_D=5.5780 lr=0.000028 elapsed=8683s
iter=22350/24000 loss_G=6.3848 loss_G_adv=0.6595 loss_cycle=0.3783 loss_identity=0.3885 loss_D_A=0.2141 loss_D_B=0.2152 D_A_real=0.5478 D_A_fake=0.4205 D_B_real=0.5738 D_B_fake=0.4531 grad_norm_G=41.1660 grad_norm_D=5.0692 lr=0.000027 elapsed=8704s
iter=22400/24000 loss_G=5.8498 loss_G_adv=0.6378 loss_cycle=0.3462 loss_identity=0.3500 loss_D_A=0.2240 loss_D_B=0.2180 D_A_real=0.5495 D_A_fake=0.4560 D_B_real=0.5587 D_B_fake=0.4495 grad_norm_G=38.5849 grad_norm_D=5.2205 lr=0.000027 elapsed=8725s
iter=22450/24000 loss_G=5.7800 loss_G_adv=0.6411 loss_cycle=0.3403 loss_identity=0.3471 loss_D_A=0.2135 loss_D_B=0.2139 D_A_real=0.5563 D_A_fake=0.4397 D_B_real=0.5465 D_B_fake=0.4149 grad_norm_G=39.6717 grad_norm_D=5.0942 lr=0.000026 elapsed=8745s
iter=22500/24000 loss_G=6.0901 loss_G_adv=0.6900 loss_cycle=0.3576 loss_identity=0.3648 loss_D_A=0.2207 loss_D_B=0.2030 D_A_real=0.5579 D_A_fake=0.4536 D_B_real=0.5911 D_B_fake=0.4402 grad_norm_G=37.0606 grad_norm_D=4.8651 lr=0.000025 elapsed=8766s
EPOCH 75/80 epoch_sec=124.2 img_per_sec=4.83 nan=0 peak_mps_tensor_mb=409
iter=22550/24000 loss_G=6.3405 loss_G_adv=0.6618 loss_cycle=0.3727 loss_identity=0.3903 loss_D_A=0.2169 loss_D_B=0.2121 D_A_real=0.5677 D_A_fake=0.4456 D_B_real=0.5587 D_B_fake=0.4237 grad_norm_G=42.7122 grad_norm_D=5.5401 lr=0.000024 elapsed=8789s
iter=22600/24000 loss_G=6.1157 loss_G_adv=0.6355 loss_cycle=0.3606 loss_identity=0.3748 loss_D_A=0.2171 loss_D_B=0.2376 D_A_real=0.5609 D_A_fake=0.4325 D_B_real=0.5347 D_B_fake=0.4592 grad_norm_G=41.7290 grad_norm_D=5.4480 lr=0.000023 elapsed=8810s
iter=22650/24000 loss_G=6.2452 loss_G_adv=0.6605 loss_cycle=0.3682 loss_identity=0.3806 loss_D_A=0.2108 loss_D_B=0.2209 D_A_real=0.5632 D_A_fake=0.4296 D_B_real=0.5463 D_B_fake=0.4349 grad_norm_G=42.5783 grad_norm_D=4.9885 lr=0.000023 elapsed=8830s
iter=22700/24000 loss_G=6.0181 loss_G_adv=0.6547 loss_cycle=0.3515 loss_identity=0.3697 loss_D_A=0.2050 loss_D_B=0.2232 D_A_real=0.5704 D_A_fake=0.4148 D_B_real=0.5523 D_B_fake=0.4606 grad_norm_G=42.8932 grad_norm_D=5.4065 lr=0.000022 elapsed=8852s
iter=22750/24000 loss_G=5.9450 loss_G_adv=0.6416 loss_cycle=0.3504 loss_identity=0.3599 loss_D_A=0.2120 loss_D_B=0.2226 D_A_real=0.5788 D_A_fake=0.4364 D_B_real=0.5489 D_B_fake=0.4477 grad_norm_G=41.5732 grad_norm_D=5.4094 lr=0.000021 elapsed=8874s
iter=22800/24000 loss_G=5.6848 loss_G_adv=0.6368 loss_cycle=0.3341 loss_identity=0.3415 loss_D_A=0.2126 loss_D_B=0.2259 D_A_real=0.5583 D_A_fake=0.4250 D_B_real=0.5463 D_B_fake=0.4549 grad_norm_G=49.5957 grad_norm_D=5.9282 lr=0.000020 elapsed=8895s
EPOCH 76/80 epoch_sec=127.5 img_per_sec=4.70 nan=0 peak_mps_tensor_mb=409
iter=22850/24000 loss_G=6.6409 loss_G_adv=0.6643 loss_cycle=0.3974 loss_identity=0.4005 loss_D_A=0.2171 loss_D_B=0.2035 D_A_real=0.5682 D_A_fake=0.4472 D_B_real=0.5817 D_B_fake=0.4375 grad_norm_G=42.7216 grad_norm_D=6.3047 lr=0.000019 elapsed=8915s
iter=22900/24000 loss_G=6.0219 loss_G_adv=0.6812 loss_cycle=0.3535 loss_identity=0.3611 loss_D_A=0.2234 loss_D_B=0.2204 D_A_real=0.5237 D_A_fake=0.4231 D_B_real=0.5502 D_B_fake=0.4405 grad_norm_G=43.1031 grad_norm_D=5.5330 lr=0.000018 elapsed=8936s
iter=22950/24000 loss_G=5.9937 loss_G_adv=0.6040 loss_cycle=0.3547 loss_identity=0.3686 loss_D_A=0.2239 loss_D_B=0.2130 D_A_real=0.5584 D_A_fake=0.4581 D_B_real=0.5510 D_B_fake=0.4395 grad_norm_G=40.5330 grad_norm_D=5.2438 lr=0.000018 elapsed=8958s
iter=23000/24000 loss_G=6.1248 loss_G_adv=0.6388 loss_cycle=0.3637 loss_identity=0.3698 loss_D_A=0.2121 loss_D_B=0.2194 D_A_real=0.5716 D_A_fake=0.4403 D_B_real=0.5560 D_B_fake=0.4456 grad_norm_G=40.2805 grad_norm_D=5.5181 lr=0.000017 elapsed=8980s
iter=23050/24000 loss_G=6.3997 loss_G_adv=0.6417 loss_cycle=0.3805 loss_identity=0.3905 loss_D_A=0.2142 loss_D_B=0.2161 D_A_real=0.5689 D_A_fake=0.4432 D_B_real=0.5641 D_B_fake=0.4435 grad_norm_G=37.4977 grad_norm_D=5.6801 lr=0.000016 elapsed=9001s
iter=23100/24000 loss_G=5.9945 loss_G_adv=0.6522 loss_cycle=0.3516 loss_identity=0.3652 loss_D_A=0.2280 loss_D_B=0.2213 D_A_real=0.5386 D_A_fake=0.4390 D_B_real=0.5464 D_B_fake=0.4406 grad_norm_G=38.5266 grad_norm_D=5.3388 lr=0.000015 elapsed=9025s
EPOCH 77/80 epoch_sec=130.0 img_per_sec=4.61 nan=0 peak_mps_tensor_mb=409
iter=23150/24000 loss_G=6.4679 loss_G_adv=0.6351 loss_cycle=0.3829 loss_identity=0.4008 loss_D_A=0.2287 loss_D_B=0.2023 D_A_real=0.5322 D_A_fake=0.4492 D_B_real=0.5912 D_B_fake=0.4371 grad_norm_G=38.1526 grad_norm_D=5.3328 lr=0.000014 elapsed=9049s
iter=23200/24000 loss_G=6.3552 loss_G_adv=0.6649 loss_cycle=0.3788 loss_identity=0.3805 loss_D_A=0.2107 loss_D_B=0.2232 D_A_real=0.5738 D_A_fake=0.4437 D_B_real=0.5547 D_B_fake=0.4471 grad_norm_G=41.7686 grad_norm_D=5.5705 lr=0.000013 elapsed=9076s
iter=23250/24000 loss_G=5.8825 loss_G_adv=0.6266 loss_cycle=0.3436 loss_identity=0.3639 loss_D_A=0.2088 loss_D_B=0.2191 D_A_real=0.5574 D_A_fake=0.4334 D_B_real=0.5519 D_B_fake=0.4417 grad_norm_G=36.9317 grad_norm_D=5.2572 lr=0.000013 elapsed=9100s
iter=23300/24000 loss_G=5.8282 loss_G_adv=0.6433 loss_cycle=0.3423 loss_identity=0.3525 loss_D_A=0.2161 loss_D_B=0.2260 D_A_real=0.5626 D_A_fake=0.4462 D_B_real=0.5435 D_B_fake=0.4594 grad_norm_G=44.1404 grad_norm_D=5.6041 lr=0.000012 elapsed=9123s
iter=23350/24000 loss_G=6.0234 loss_G_adv=0.6173 loss_cycle=0.3560 loss_identity=0.3692 loss_D_A=0.2213 loss_D_B=0.2188 D_A_real=0.5574 D_A_fake=0.4506 D_B_real=0.5665 D_B_fake=0.4541 grad_norm_G=38.3954 grad_norm_D=5.4189 lr=0.000011 elapsed=9147s
iter=23400/24000 loss_G=6.0066 loss_G_adv=0.6462 loss_cycle=0.3511 loss_identity=0.3699 loss_D_A=0.2177 loss_D_B=0.2228 D_A_real=0.5572 D_A_fake=0.4551 D_B_real=0.5279 D_B_fake=0.4315 grad_norm_G=40.3286 grad_norm_D=5.9364 lr=0.000010 elapsed=9170s
EPOCH 78/80 epoch_sec=145.4 img_per_sec=4.13 nan=0 peak_mps_tensor_mb=409
iter=23450/24000 loss_G=5.9879 loss_G_adv=0.6374 loss_cycle=0.3543 loss_identity=0.3615 loss_D_A=0.2226 loss_D_B=0.2124 D_A_real=0.5521 D_A_fake=0.4582 D_B_real=0.5651 D_B_fake=0.4422 grad_norm_G=40.7685 grad_norm_D=5.8416 lr=0.000009 elapsed=9188s
iter=23500/24000 loss_G=5.8909 loss_G_adv=0.6447 loss_cycle=0.3449 loss_identity=0.3595 loss_D_A=0.2109 loss_D_B=0.2190 D_A_real=0.5761 D_A_fake=0.4441 D_B_real=0.5656 D_B_fake=0.4405 grad_norm_G=38.4569 grad_norm_D=5.5043 lr=0.000008 elapsed=9206s
iter=23550/24000 loss_G=5.8375 loss_G_adv=0.6982 loss_cycle=0.3362 loss_identity=0.3554 loss_D_A=0.2021 loss_D_B=0.2169 D_A_real=0.5692 D_A_fake=0.4245 D_B_real=0.5485 D_B_fake=0.4340 grad_norm_G=37.2933 grad_norm_D=5.5377 lr=0.000007 elapsed=9225s
iter=23600/24000 loss_G=6.1192 loss_G_adv=0.6223 loss_cycle=0.3599 loss_identity=0.3797 loss_D_A=0.2192 loss_D_B=0.2296 D_A_real=0.5422 D_A_fake=0.4429 D_B_real=0.5187 D_B_fake=0.4363 grad_norm_G=40.8823 grad_norm_D=5.2690 lr=0.000007 elapsed=9249s
iter=23650/24000 loss_G=6.3989 loss_G_adv=0.6245 loss_cycle=0.3787 loss_identity=0.3975 loss_D_A=0.2048 loss_D_B=0.2116 D_A_real=0.5794 D_A_fake=0.4357 D_B_real=0.5687 D_B_fake=0.4466 grad_norm_G=40.4001 grad_norm_D=5.3277 lr=0.000006 elapsed=9270s
iter=23700/24000 loss_G=5.4968 loss_G_adv=0.6277 loss_cycle=0.3194 loss_identity=0.3350 loss_D_A=0.2181 loss_D_B=0.2145 D_A_real=0.5585 D_A_fake=0.4445 D_B_real=0.5430 D_B_fake=0.4265 grad_norm_G=37.0874 grad_norm_D=5.4445 lr=0.000005 elapsed=9290s
EPOCH 79/80 epoch_sec=120.1 img_per_sec=5.00 nan=0 peak_mps_tensor_mb=409
iter=23750/24000 loss_G=6.0912 loss_G_adv=0.6271 loss_cycle=0.3603 loss_identity=0.3722 loss_D_A=0.2277 loss_D_B=0.2348 D_A_real=0.5368 D_A_fake=0.4565 D_B_real=0.5232 D_B_fake=0.4558 grad_norm_G=38.5980 grad_norm_D=5.4142 lr=0.000004 elapsed=9311s
iter=23800/24000 loss_G=6.1273 loss_G_adv=0.6541 loss_cycle=0.3607 loss_identity=0.3732 loss_D_A=0.2211 loss_D_B=0.2095 D_A_real=0.5581 D_A_fake=0.4551 D_B_real=0.5791 D_B_fake=0.4510 grad_norm_G=38.5942 grad_norm_D=5.2673 lr=0.000003 elapsed=9332s
iter=23850/24000 loss_G=6.3432 loss_G_adv=0.6415 loss_cycle=0.3751 loss_identity=0.3901 loss_D_A=0.2099 loss_D_B=0.2085 D_A_real=0.5716 D_A_fake=0.4500 D_B_real=0.5703 D_B_fake=0.4412 grad_norm_G=40.0285 grad_norm_D=5.4086 lr=0.000002 elapsed=9353s
iter=23900/24000 loss_G=6.3448 loss_G_adv=0.6472 loss_cycle=0.3745 loss_identity=0.3905 loss_D_A=0.2108 loss_D_B=0.2101 D_A_real=0.5644 D_A_fake=0.4330 D_B_real=0.5850 D_B_fake=0.4490 grad_norm_G=39.5866 grad_norm_D=5.4144 lr=0.000002 elapsed=9374s
iter=23950/24000 loss_G=5.9900 loss_G_adv=0.6381 loss_cycle=0.3555 loss_identity=0.3593 loss_D_A=0.2223 loss_D_B=0.2194 D_A_real=0.5444 D_A_fake=0.4394 D_B_real=0.5664 D_B_fake=0.4557 grad_norm_G=38.5160 grad_norm_D=5.2787 lr=0.000001 elapsed=9394s
iter=24000/24000 loss_G=6.1618 loss_G_adv=0.6738 loss_cycle=0.3628 loss_identity=0.3721 loss_D_A=0.2065 loss_D_B=0.2058 D_A_real=0.5936 D_A_fake=0.4461 D_B_real=0.5489 D_B_fake=0.4136 grad_norm_G=36.9270 grad_norm_D=5.6219 lr=0.000000 elapsed=9416s
EPOCH 80/80 epoch_sec=125.8 img_per_sec=4.77 nan=0 peak_mps_tensor_mb=409
SUMMARY {"total_training_time_sec": 9417.230262041092, "train_loop_time_sec": 9398.991446495056, "iterations": 24000, "epochs": 80, "images_per_sec": 5.106930916284588, "nan_count": 0, "peak_mps_tensor_memory_mb": 408.886962890625, "peak_mps_driver_memory_mb": 1008.90625, "peak_process_rss_mb": 693.46875, "params_G_each": 4412931, "params_D_each": 2764737, "params_total": 14355336, "grad_norm_G_mean": 44.20006335115433, "grad_norm_G_max": 99.91727073669433, "grad_norm_D_mean": 5.494764031740527, "grad_norm_D_max": 8.580631403923034, "hardware": "MPS (Apple GPU) on Apple M4"}
run_end=2026-10-02 14:09:20
